Stunde;Leistung in kW
1;0.0
2;0.0
3;0.0
4;0.0
5;0.0
6;0.0
7;0.0
8;0.0
9;0.0
10;0.0
11;0.0
12;0.0
13;0.0
14;80
15;0.0
16;0.0
17;0.0
18;0.0
19;0.0
20;0.0
21;0.0
22;0.0
23;0.0
24;0.0
25;0.0
26;0.0
27;0.0
28;0.0
29;0.0
30;0.0
31;0.0
32;0.0
33;0.0
34;0.0
35;0.0
36;0.0
37;0.0
38;0.0
39;0.0
40;0.0
41;0.0
42;0.0
43;0.0
44;0.0
45;0.0
46;0.0
47;0.0
48;0.0
49;0.0
50;0.0
51;0.0
52;0.0
53;0.0
54;0.0
55;0.0
56;0.0
57;0.0
58;0.0
59;0.0
60;0.0
61;0.0
62;0.0
63;0.0
64;0.0
65;0.0
66;0.0
67;0.0
68;0.0
69;0.0
70;0.0
71;0.0
72;0.0
73;0.0
74;0.0
75;0.0
76;0.0
77;0.0
78;0.0
79;0.0
80;0.0
81;0.0
82;0.0
83;0.0
84;0.0
85;0.0
86;0.0
87;0.0
88;0.0
89;0.0
90;0.0
91;0.0
92;0.0
93;0.0
94;0.0
95;0.0
96;0.0
97;0.0
98;0.0
99;0.0
100;0.0
101;0.0
102;0.0
103;0.0
104;0.0
105;0.0
106;0.0
107;0.0
108;0.0
109;0.0
110;0.0
111;0.0
112;0.0
113;0.0
114;0.0
115;0.0
116;0.0
117;0.0
118;0.0
119;0.0
120;0.0
121;0.0
122;0.0
123;0.0
124;0.0
125;0.0
126;0.0
127;0.0
128;0.0
129;0.0
130;0.0
131;0.0
132;0.0
133;0.0
134;0.0
135;0.0
136;0.0
137;0.0
138;0.0
139;0.0
140;0.0
141;0.0
142;0.0
143;0.0
144;0.0
145;0.0
146;0.0
147;0.0
148;0.0
149;0.0
150;0.0
151;0.0
152;0.0
153;0.0
154;0.0
155;0.0
156;0.0
157;0.0
158;0.0
159;0.0
160;0.0
161;0.0
162;0.0
163;0.0
164;0.0
165;0.0
166;0.0
167;0.0
168;0.0
169;0.0
170;0.0
171;0.0
172;0.0
173;0.0
174;0.0
175;0.0
176;0.0
177;0.0
178;0.0
179;0.0
180;160
181;480
182;640
183;640
184;560
185;80
186;0.0
187;0.0
188;0.0
189;0.0
190;0.0
191;0.0
192;0.0
193;0.0
194;0.0
195;0.0
196;0.0
197;0.0
198;0.0
199;0.0
200;0.0
201;0.0
202;0.0
203;0.0
204;0.0
205;480
206;640
207;720
208;0.0
209;240
210;0.0
211;0.0
212;0.0
213;0.0
214;0.0
215;0.0
216;0.0
217;0.0
218;0.0
219;0.0
220;0.0
221;0.0
222;0.0
223;0.0
224;0.0
225;0.0
226;0.0
227;0.0
228;240
229;560
230;720
231;720
232;560
233;0.0
234;0.0
235;0.0
236;0.0
237;0.0
238;0.0
239;0.0
240;0.0
241;0.0
242;0.0
243;0.0
244;0.0
245;0.0
246;0.0
247;0.0
248;0.0
249;0.0
250;0.0
251;0.0
252;240
253;560
254;800
255;800
256;640
257;80
258;0.0
259;0.0
260;0.0
261;0.0
262;0.0
263;0.0
264;0.0
265;0.0
266;0.0
267;0.0
268;0.0
269;0.0
270;0.0
271;0.0
272;0.0
273;0.0
274;0.0
275;0.0
276;0.0
277;240
278;240
279;80
280;0.0
281;0.0
282;0.0
283;0.0
284;0.0
285;0.0
286;0.0
287;0.0
288;0.0
289;0.0
290;0.0
291;0.0
292;0.0
293;0.0
294;0.0
295;0.0
296;0.0
297;0.0
298;0.0
299;0.0
300;320
301;560
302;640
303;640
304;560
305;160
306;0.0
307;0.0
308;0.0
309;0.0
310;0.0
311;0.0
312;0.0
313;0.0
314;0.0
315;0.0
316;0.0
317;0.0
318;0.0
319;0.0
320;0.0
321;0.0
322;0.0
323;0.0
324;400
325;640
326;720
327;720
328;560
329;160
330;0.0
331;0.0
332;0.0
333;0.0
334;0.0
335;0.0
336;0.0
337;0.0
338;0.0
339;0.0
340;0.0
341;0.0
342;0.0
343;0.0
344;0.0
345;0.0
346;0.0
347;0.0
348;160
349;480
350;720
351;720
352;560
353;240
354;0.0
355;0.0
356;0.0
357;0.0
358;0.0
359;0.0
360;0.0
361;0.0
362;0.0
363;0.0
364;0.0
365;0.0
366;0.0
367;0.0
368;0.0
369;0.0
370;0.0
371;0.0
372;320
373;560
374;720
375;720
376;640
377;400
378;0.0
379;0.0
380;0.0
381;0.0
382;0.0
383;0.0
384;0.0
385;0.0
386;0.0
387;0.0
388;0.0
389;0.0
390;0.0
391;0.0
392;0.0
393;0.0
394;0.0
395;0.0
396;0.0
397;0.0
398;0.0
399;0.0
400;0.0
401;0.0
402;0.0
403;0.0
404;0.0
405;0.0
406;0.0
407;0.0
408;0.0
409;0.0
410;0.0
411;0.0
412;0.0
413;0.0
414;0.0
415;0.0
416;0.0
417;0.0
418;0.0
419;0.0
420;0.0
421;0.0
422;0.0
423;0.0
424;0.0
425;0.0
426;0.0
427;0.0
428;0.0
429;0.0
430;0.0
431;0.0
432;0.0
433;0.0
434;0.0
435;0.0
436;0.0
437;0.0
438;0.0
439;0.0
440;0.0
441;0.0
442;0.0
443;0.0
444;320
445;560
446;720
447;640
448;480
449;80
450;0.0
451;0.0
452;0.0
453;0.0
454;0.0
455;0.0
456;0.0
457;0.0
458;0.0
459;0.0
460;0.0
461;0.0
462;0.0
463;0.0
464;0.0
465;0.0
466;0.0
467;0.0
468;0.0
469;160
470;320
471;240
472;80
473;0.0
474;0.0
475;0.0
476;0.0
477;0.0
478;0.0
479;0.0
480;0.0
481;0.0
482;0.0
483;0.0
484;0.0
485;0.0
486;0.0
487;0.0
488;0.0
489;0.0
490;0.0
491;0.0
492;400
493;0.0
494;0.0
495;0.0
496;0.0
497;0.0
498;0.0
499;0.0
500;0.0
501;0.0
502;0.0
503;0.0
504;0.0
505;0.0
506;0.0
507;0.0
508;0.0
509;0.0
510;0.0
511;0.0
512;0.0
513;0.0
514;0.0
515;0.0
516;0.0
517;0.0
518;0.0
519;0.0
520;0.0
521;0.0
522;0.0
523;0.0
524;0.0
525;0.0
526;0.0
527;0.0
528;0.0
529;0.0
530;0.0
531;0.0
532;0.0
533;0.0
534;0.0
535;0.0
536;0.0
537;0.0
538;0.0
539;0.0
540;160
541;480
542;640
543;640
544;560
545;320
546;0.0
547;0.0
548;0.0
549;0.0
550;0.0
551;0.0
552;0.0
553;0.0
554;0.0
555;0.0
556;0.0
557;0.0
558;0.0
559;0.0
560;0.0
561;0.0
562;0.0
563;0.0
564;320
565;560
566;720
567;720
568;640
569;320
570;0.0
571;0.0
572;0.0
573;0.0
574;0.0
575;0.0
576;0.0
577;0.0
578;0.0
579;0.0
580;0.0
581;0.0
582;0.0
583;0.0
584;0.0
585;0.0
586;0.0
587;0.0
588;0.0
589;0.0
590;80
591;160
592;0.0
593;0.0
594;0.0
595;0.0
596;0.0
597;0.0
598;0.0
599;0.0
600;0.0
601;0.0
602;0.0
603;0.0
604;0.0
605;0.0
606;0.0
607;0.0
608;0.0
609;0.0
610;0.0
611;0.0
612;0.0
613;0.0
614;0.0
615;240
616;80
617;0.0
618;0.0
619;0.0
620;0.0
621;0.0
622;0.0
623;0.0
624;0.0
625;0.0
626;0.0
627;0.0
628;0.0
629;0.0
630;0.0
631;0.0
632;0.0
633;0.0
634;0.0
635;0.0
636;0.0
637;0.0
638;0.0
639;80
640;0.0
641;0.0
642;0.0
643;0.0
644;0.0
645;0.0
646;0.0
647;0.0
648;0.0
649;0.0
650;0.0
651;0.0
652;0.0
653;0.0
654;0.0
655;0.0
656;0.0
657;0.0
658;0.0
659;0.0
660;320
661;400
662;400
663;720
664;480
665;80
666;0.0
667;0.0
668;0.0
669;0.0
670;0.0
671;0.0
672;0.0
673;0.0
674;0.0
675;0.0
676;0.0
677;0.0
678;0.0
679;0.0
680;0.0
681;0.0
682;0.0
683;0.0
684;400
685;720
686;800
687;800
688;560
689;240
690;0.0
691;0.0
692;0.0
693;0.0
694;0.0
695;0.0
696;0.0
697;0.0
698;0.0
699;0.0
700;0.0
701;0.0
702;0.0
703;0.0
704;0.0
705;0.0
706;0.0
707;0.0
708;400
709;480
710;800
711;720
712;640
713;480
714;0.0
715;0.0
716;0.0
717;0.0
718;0.0
719;0.0
720;0.0
721;0.0
722;0.0
723;0.0
724;0.0
725;0.0
726;0.0
727;0.0
728;0.0
729;0.0
730;0.0
731;0.0
732;400
733;560
734;480
735;480
736;400
737;240
738;0.0
739;0.0
740;0.0
741;0.0
742;0.0
743;0.0
744;0.0
745;0.0
746;0.0
747;0.0
748;0.0
749;0.0
750;0.0
751;0.0
752;0.0
753;0.0
754;0.0
755;0.0
756;320
757;400
758;640
759;720
760;720
761;400
762;0.0
763;0.0
764;0.0
765;0.0
766;0.0
767;0.0
768;0.0
769;0.0
770;0.0
771;0.0
772;0.0
773;0.0
774;0.0
775;0.0
776;0.0
777;0.0
778;0.0
779;0.0
780;320
781;480
782;800
783;720
784;560
785;400
786;0.0
787;0.0
788;0.0
789;0.0
790;0.0
791;0.0
792;0.0
793;0.0
794;0.0
795;0.0
796;0.0
797;0.0
798;0.0
799;0.0
800;0.0
801;0.0
802;0.0
803;0.0
804;320
805;320
806;160
807;80
808;0.0
809;0.0
810;0.0
811;0.0
812;0.0
813;0.0
814;0.0
815;0.0
816;0.0
817;0.0
818;0.0
819;0.0
820;0.0
821;0.0
822;0.0
823;0.0
824;0.0
825;0.0
826;0.0
827;0.0
828;0.0
829;0.0
830;0.0
831;0.0
832;0.0
833;0.0
834;0.0
835;0.0
836;0.0
837;0.0
838;0.0
839;0.0
840;0.0
841;0.0
842;0.0
843;0.0
844;0.0
845;0.0
846;0.0
847;0.0
848;0.0
849;0.0
850;0.0
851;0.0
852;0.0
853;0.0
854;640
855;560
856;240
857;240
858;0.0
859;0.0
860;0.0
861;0.0
862;0.0
863;0.0
864;0.0
865;0.0
866;0.0
867;0.0
868;0.0
869;0.0
870;0.0
871;0.0
872;0.0
873;0.0
874;0.0
875;0.0
876;0.0
877;0.0
878;0.0
879;0.0
880;0.0
881;0.0
882;0.0
883;0.0
884;0.0
885;0.0
886;0.0
887;0.0
888;0.0
889;0.0
890;0.0
891;0.0
892;0.0
893;0.0
894;0.0
895;0.0
896;0.0
897;0.0
898;0.0
899;0.0
900;0.0
901;0.0
902;0.0
903;0.0
904;0.0
905;0.0
906;0.0
907;0.0
908;0.0
909;0.0
910;0.0
911;0.0
912;0.0
913;0.0
914;0.0
915;0.0
916;0.0
917;0.0
918;0.0
919;0.0
920;0.0
921;0.0
922;0.0
923;0.0
924;0.0
925;0.0
926;0.0
927;0.0
928;0.0
929;0.0
930;0.0
931;0.0
932;0.0
933;0.0
934;0.0
935;0.0
936;0.0
937;0.0
938;0.0
939;0.0
940;0.0
941;0.0
942;0.0
943;0.0
944;0.0
945;0.0
946;0.0
947;0.0
948;0.0
949;0.0
950;0.0
951;0.0
952;0.0
953;0.0
954;0.0
955;0.0
956;0.0
957;0.0
958;0.0
959;0.0
960;0.0
961;0.0
962;0.0
963;0.0
964;0.0
965;0.0
966;0.0
967;0.0
968;0.0
969;0.0
970;0.0
971;0.0
972;0.0
973;0.0
974;0.0
975;0.0
976;0.0
977;0.0
978;0.0
979;0.0
980;0.0
981;0.0
982;0.0
983;0.0
984;0.0
985;0.0
986;0.0
987;0.0
988;0.0
989;0.0
990;0.0
991;0.0
992;0.0
993;0.0
994;0.0
995;0.0
996;0.0
997;0.0
998;0.0
999;0.0
1000;0.0
1001;0.0
1002;0.0
1003;0.0
1004;0.0
1005;0.0
1006;0.0
1007;0.0
1008;0.0
1009;0.0
1010;0.0
1011;0.0
1012;0.0
1013;0.0
1014;0.0
1015;0.0
1016;0.0
1017;0.0
1018;0.0
1019;0.0
1020;240
1021;80
1022;320
1023;320
1024;560
1025;80
1026;0.0
1027;0.0
1028;0.0
1029;0.0
1030;0.0
1031;0.0
1032;0.0
1033;0.0
1034;0.0
1035;0.0
1036;0.0
1037;0.0
1038;0.0
1039;0.0
1040;0.0
1041;0.0
1042;0.0
1043;80
1044;480
1045;560
1046;800
1047;800
1048;400
1049;240
1050;80
1051;0.0
1052;0.0
1053;0.0
1054;0.0
1055;0.0
1056;0.0
1057;0.0
1058;0.0
1059;0.0
1060;0.0
1061;0.0
1062;0.0
1063;0.0
1064;0.0
1065;0.0
1066;0.0
1067;0.0
1068;160
1069;400
1070;160
1071;160
1072;80
1073;0.0
1074;0.0
1075;0.0
1076;0.0
1077;0.0
1078;0.0
1079;0.0
1080;0.0
1081;0.0
1082;0.0
1083;0.0
1084;0.0
1085;0.0
1086;0.0
1087;0.0
1088;0.0
1089;0.0
1090;0.0
1091;0.0
1092;0.0
1093;0.0
1094;0.0
1095;0.0
1096;0.0
1097;0.0
1098;0.0
1099;0.0
1100;0.0
1101;0.0
1102;0.0
1103;0.0
1104;0.0
1105;0.0
1106;0.0
1107;0.0
1108;0.0
1109;0.0
1110;0.0
1111;0.0
1112;0.0
1113;0.0
1114;0.0
1115;0.0
1116;240
1117;0.0
1118;160
1119;80
1120;640
1121;320
1122;0.0
1123;0.0
1124;0.0
1125;0.0
1126;0.0
1127;0.0
1128;0.0
1129;0.0
1130;0.0
1131;0.0
1132;0.0
1133;0.0
1134;0.0
1135;0.0
1136;0.0
1137;0.0
1138;0.0
1139;80
1140;240
1141;240
1142;560
1143;160
1144;0.0
1145;0.0
1146;0.0
1147;0.0
1148;0.0
1149;0.0
1150;0.0
1151;0.0
1152;0.0
1153;0.0
1154;0.0
1155;0.0
1156;0.0
1157;0.0
1158;0.0
1159;0.0
1160;0.0
1161;0.0
1162;0.0
1163;0.0
1164;0.0
1165;0.0
1166;480
1167;240
1168;80
1169;0.0
1170;0.0
1171;0.0
1172;0.0
1173;0.0
1174;0.0
1175;0.0
1176;0.0
1177;0.0
1178;0.0
1179;0.0
1180;0.0
1181;0.0
1182;0.0
1183;0.0
1184;0.0
1185;0.0
1186;0.0
1187;80
1188;400
1189;240
1190;160
1191;240
1192;80
1193;0.0
1194;0.0
1195;0.0
1196;0.0
1197;0.0
1198;0.0
1199;0.0
1200;0.0
1201;0.0
1202;0.0
1203;0.0
1204;0.0
1205;0.0
1206;0.0
1207;0.0
1208;0.0
1209;0.0
1210;0.0
1211;0.0
1212;0.0
1213;0.0
1214;0.0
1215;0.0
1216;0.0
1217;0.0
1218;80
1219;0.0
1220;0.0
1221;0.0
1222;0.0
1223;0.0
1224;0.0
1225;0.0
1226;0.0
1227;0.0
1228;0.0
1229;0.0
1230;0.0
1231;0.0
1232;0.0
1233;0.0
1234;0.0
1235;160
1236;480
1237;160
1238;800
1239;800
1240;320
1241;240
1242;0.0
1243;0.0
1244;0.0
1245;0.0
1246;0.0
1247;0.0
1248;0.0
1249;0.0
1250;0.0
1251;0.0
1252;0.0
1253;0.0
1254;0.0
1255;0.0
1256;0.0
1257;0.0
1258;0.0
1259;0.0
1260;0.0
1261;0.0
1262;0.0
1263;0.0
1264;0.0
1265;0.0
1266;0.0
1267;0.0
1268;0.0
1269;0.0
1270;0.0
1271;0.0
1272;0.0
1273;0.0
1274;0.0
1275;0.0
1276;0.0
1277;0.0
1278;0.0
1279;0.0
1280;0.0
1281;0.0
1282;0.0
1283;0.0
1284;0.0
1285;0.0
1286;0.0
1287;0.0
1288;0.0
1289;0.0
1290;0.0
1291;0.0
1292;0.0
1293;0.0
1294;0.0
1295;0.0
1296;0.0
1297;0.0
1298;0.0
1299;0.0
1300;0.0
1301;0.0
1302;0.0
1303;0.0
1304;0.0
1305;0.0
1306;0.0
1307;0.0
1308;0.0
1309;0.0
1310;0.0
1311;0.0
1312;0.0
1313;0.0
1314;0.0
1315;0.0
1316;0.0
1317;0.0
1318;0.0
1319;0.0
1320;0.0
1321;0.0
1322;0.0
1323;0.0
1324;0.0
1325;0.0
1326;0.0
1327;0.0
1328;0.0
1329;0.0
1330;0.0
1331;0.0
1332;0.0
1333;0.0
1334;0.0
1335;0.0
1336;0.0
1337;0.0
1338;0.0
1339;0.0
1340;0.0
1341;0.0
1342;0.0
1343;0.0
1344;0.0
1345;0.0
1346;0.0
1347;0.0
1348;0.0
1349;0.0
1350;0.0
1351;0.0
1352;0.0
1353;0.0
1354;0.0
1355;0.0
1356;0.0
1357;0.0
1358;0.0
1359;0.0
1360;0.0
1361;0.0
1362;0.0
1363;0.0
1364;0.0
1365;0.0
1366;0.0
1367;0.0
1368;0.0
1369;0.0
1370;0.0
1371;0.0
1372;0.0
1373;0.0
1374;0.0
1375;0.0
1376;0.0
1377;0.0
1378;0.0
1379;160
1380;480
1381;800
1382;640
1383;160
1384;320
1385;160
1386;0.0
1387;0.0
1388;0.0
1389;0.0
1390;0.0
1391;0.0
1392;0.0
1393;0.0
1394;0.0
1395;0.0
1396;0.0
1397;0.0
1398;0.0
1399;0.0
1400;0.0
1401;0.0
1402;0.0
1403;0.0
1404;0.0
1405;160
1406;240
1407;240
1408;0.0
1409;0.0
1410;0.0
1411;0.0
1412;0.0
1413;0.0
1414;0.0
1415;0.0
1416;0.0
1417;0.0
1418;0.0
1419;0.0
1420;0.0
1421;0.0
1422;0.0
1423;0.0
1424;0.0
1425;0.0
1426;0.0
1427;0.0
1428;0.0
1429;0.0
1430;160
1431;240
1432;240
1433;0.0
1434;0.0
1435;0.0
1436;0.0
1437;0.0
1438;0.0
1439;0.0
1440;0.0
1441;0.0
1442;0.0
1443;0.0
1444;0.0
1445;0.0
1446;0.0
1447;0.0
1448;0.0
1449;0.0
1450;0.0
1451;0.0
1452;80
1453;240
1454;160
1455;0.0
1456;320
1457;0.0
1458;0.0
1459;0.0
1460;0.0
1461;0.0
1462;0.0
1463;0.0
1464;0.0
1465;0.0
1466;0.0
1467;0.0
1468;0.0
1469;0.0
1470;0.0
1471;0.0
1472;0.0
1473;0.0
1474;0.0
1475;0.0
1476;0.0
1477;0.0
1478;80
1479;80
1480;0.0
1481;0.0
1482;0.0
1483;0.0
1484;0.0
1485;0.0
1486;0.0
1487;0.0
1488;0.0
1489;0.0
1490;0.0
1491;0.0
1492;0.0
1493;0.0
1494;0.0
1495;0.0
1496;0.0
1497;0.0
1498;0.0
1499;0.0
1500;0.0
1501;0.0
1502;0.0
1503;0.0
1504;0.0
1505;0.0
1506;0.0
1507;0.0
1508;0.0
1509;0.0
1510;0.0
1511;0.0
1512;0.0
1513;0.0
1514;0.0
1515;0.0
1516;0.0
1517;0.0
1518;0.0
1519;0.0
1520;0.0
1521;0.0
1522;0.0
1523;0.0
1524;0.0
1525;0.0
1526;0.0
1527;80
1528;800
1529;400
1530;80
1531;0.0
1532;0.0
1533;0.0
1534;0.0
1535;0.0
1536;0.0
1537;0.0
1538;0.0
1539;0.0
1540;0.0
1541;0.0
1542;0.0
1543;0.0
1544;0.0
1545;0.0
1546;0.0
1547;0.0
1548;80
1549;560
1550;240
1551;0.0
1552;160
1553;0.0
1554;0.0
1555;0.0
1556;0.0
1557;0.0
1558;0.0
1559;0.0
1560;0.0
1561;0.0
1562;0.0
1563;0.0
1564;0.0
1565;0.0
1566;0.0
1567;0.0
1568;0.0
1569;0.0
1570;0.0
1571;0.0
1572;160
1573;320
1574;560
1575;240
1576;560
1577;160
1578;0.0
1579;0.0
1580;0.0
1581;0.0
1582;0.0
1583;0.0
1584;0.0
1585;0.0
1586;0.0
1587;0.0
1588;0.0
1589;0.0
1590;0.0
1591;0.0
1592;0.0
1593;0.0
1594;0.0
1595;80
1596;80
1597;80
1598;0.0
1599;0.0
1600;0.0
1601;0.0
1602;0.0
1603;0.0
1604;0.0
1605;0.0
1606;0.0
1607;0.0
1608;0.0
1609;0.0
1610;0.0
1611;0.0
1612;0.0
1613;0.0
1614;0.0
1615;0.0
1616;0.0
1617;0.0
1618;0.0
1619;0.0
1620;80
1621;80
1622;80
1623;0.0
1624;80
1625;80
1626;0.0
1627;0.0
1628;0.0
1629;0.0
1630;0.0
1631;0.0
1632;0.0
1633;0.0
1634;0.0
1635;0.0
1636;0.0
1637;0.0
1638;0.0
1639;0.0
1640;0.0
1641;0.0
1642;0.0
1643;160
1644;320
1645;240
1646;320
1647;720
1648;0.0
1649;240
1650;0.0
1651;0.0
1652;0.0
1653;0.0
1654;0.0
1655;0.0
1656;0.0
1657;0.0
1658;0.0
1659;0.0
1660;0.0
1661;0.0
1662;0.0
1663;0.0
1664;0.0
1665;0.0
1666;0.0
1667;0.0
1668;0.0
1669;80
1670;80
1671;80
1672;0.0
1673;0.0
1674;0.0
1675;0.0
1676;0.0
1677;0.0
1678;0.0
1679;0.0
1680;0.0
1681;0.0
1682;0.0
1683;0.0
1684;0.0
1685;0.0
1686;0.0
1687;0.0
1688;0.0
1689;0.0
1690;0.0
1691;0.0
1692;0.0
1693;0.0
1694;80
1695;0.0
1696;0.0
1697;400
1698;0.0
1699;0.0
1700;0.0
1701;0.0
1702;0.0
1703;0.0
1704;0.0
1705;0.0
1706;0.0
1707;0.0
1708;0.0
1709;0.0
1710;0.0
1711;0.0
1712;0.0
1713;0.0
1714;0.0
1715;0.0
1716;240
1717;480
1718;800
1719;800
1720;800
1721;640
1722;320
1723;0.0
1724;0.0
1725;0.0
1726;0.0
1727;0.0
1728;0.0
1729;0.0
1730;0.0
1731;0.0
1732;0.0
1733;0.0
1734;0.0
1735;0.0
1736;0.0
1737;0.0
1738;0.0
1739;320
1740;640
1741;800
1742;800
1743;800
1744;800
1745;720
1746;400
1747;0.0
1748;0.0
1749;0.0
1750;0.0
1751;0.0
1752;0.0
1753;0.0
1754;0.0
1755;0.0
1756;0.0
1757;0.0
1758;0.0
1759;0.0
1760;0.0
1761;0.0
1762;0.0
1763;80
1764;240
1765;400
1766;160
1767;80
1768;0.0
1769;0.0
1770;0.0
1771;0.0
1772;0.0
1773;0.0
1774;0.0
1775;0.0
1776;0.0
1777;0.0
1778;0.0
1779;0.0
1780;0.0
1781;0.0
1782;0.0
1783;0.0
1784;0.0
1785;0.0
1786;0.0
1787;0.0
1788;0.0
1789;80
1790;0.0
1791;0.0
1792;0.0
1793;0.0
1794;0.0
1795;0.0
1796;0.0
1797;0.0
1798;0.0
1799;0.0
1800;0.0
1801;0.0
1802;0.0
1803;0.0
1804;0.0
1805;0.0
1806;0.0
1807;0.0
1808;0.0
1809;0.0
1810;0.0
1811;80
1812;80
1813;80
1814;160
1815;80
1816;80
1817;0.0
1818;0.0
1819;0.0
1820;0.0
1821;0.0
1822;0.0
1823;0.0
1824;0.0
1825;0.0
1826;0.0
1827;0.0
1828;0.0
1829;0.0
1830;0.0
1831;0.0
1832;0.0
1833;0.0
1834;0.0
1835;80
1836;560
1837;720
1838;800
1839;560
1840;160
1841;560
1842;240
1843;0.0
1844;0.0
1845;0.0
1846;0.0
1847;0.0
1848;0.0
1849;0.0
1850;0.0
1851;0.0
1852;0.0
1853;0.0
1854;0.0
1855;0.0
1856;0.0
1857;0.0
1858;0.0
1859;320
1860;640
1861;800
1862;800
1863;800
1864;800
1865;720
1866;480
1867;0.0
1868;0.0
1869;0.0
1870;0.0
1871;0.0
1872;0.0
1873;0.0
1874;0.0
1875;0.0
1876;0.0
1877;0.0
1878;0.0
1879;0.0
1880;0.0
1881;0.0
1882;0.0
1883;400
1884;640
1885;800
1886;800
1887;800
1888;800
1889;640
1890;400
1891;0.0
1892;0.0
1893;0.0
1894;0.0
1895;0.0
1896;0.0
1897;0.0
1898;0.0
1899;0.0
1900;0.0
1901;0.0
1902;0.0
1903;0.0
1904;0.0
1905;0.0
1906;0.0
1907;160
1908;320
1909;320
1910;800
1911;400
1912;80
1913;160
1914;160
1915;0.0
1916;0.0
1917;0.0
1918;0.0
1919;0.0
1920;0.0
1921;0.0
1922;0.0
1923;0.0
1924;0.0
1925;0.0
1926;0.0
1927;0.0
1928;0.0
1929;0.0
1930;0.0
1931;0.0
1932;0.0
1933;0.0
1934;0.0
1935;0.0
1936;0.0
1937;0.0
1938;0.0
1939;0.0
1940;0.0
1941;0.0
1942;0.0
1943;0.0
1944;0.0
1945;0.0
1946;0.0
1947;0.0
1948;0.0
1949;0.0
1950;0.0
1951;0.0
1952;0.0
1953;0.0
1954;80
1955;160
1956;160
1957;80
1958;0.0
1959;80
1960;160
1961;0.0
1962;0.0
1963;0.0
1964;0.0
1965;0.0
1966;0.0
1967;0.0
1968;0.0
1969;0.0
1970;0.0
1971;0.0
1972;0.0
1973;0.0
1974;0.0
1975;0.0
1976;0.0
1977;0.0
1978;80
1979;80
1980;400
1981;160
1982;240
1983;80
1984;80
1985;160
1986;80
1987;0.0
1988;0.0
1989;0.0
1990;0.0
1991;0.0
1992;0.0
1993;0.0
1994;0.0
1995;0.0
1996;0.0
1997;0.0
1998;0.0
1999;0.0
2000;0.0
2001;0.0
2002;0.0
2003;80
2004;240
2005;320
2006;160
2007;0.0
2008;240
2009;0.0
2010;0.0
2011;0.0
2012;0.0
2013;0.0
2014;0.0
2015;0.0
2016;0.0
2017;0.0
2018;0.0
2019;0.0
2020;0.0
2021;0.0
2022;0.0
2023;0.0
2024;0.0
2025;0.0
2026;0.0
2027;0.0
2028;80
2029;80
2030;240
2031;560
2032;320
2033;240
2034;160
2035;0.0
2036;0.0
2037;0.0
2038;0.0
2039;0.0
2040;0.0
2041;0.0
2042;0.0
2043;0.0
2044;0.0
2045;0.0
2046;0.0
2047;0.0
2048;0.0
2049;0.0
2050;80
2051;480
2052;800
2053;800
2054;800
2055;800
2056;640
2057;80
2058;80
2059;0.0
2060;0.0
2061;0.0
2062;0.0
2063;0.0
2064;0.0
2065;0.0
2066;0.0
2067;0.0
2068;0.0
2069;0.0
2070;0.0
2071;0.0
2072;0.0
2073;0.0
2074;0.0
2075;0.0
2076;0.0
2077;0.0
2078;0.0
2079;0.0
2080;0.0
2081;0.0
2082;0.0
2083;0.0
2084;0.0
2085;0.0
2086;0.0
2087;0.0
2088;0.0
2089;0.0
2090;0.0
2091;0.0
2092;0.0
2093;0.0
2094;0.0
2095;0.0
2096;0.0
2097;0.0
2098;0.0
2099;240
2100;160
2101;240
2102;240
2103;400
2104;160
2105;800
2106;80
2107;0.0
2108;0.0
2109;0.0
2110;0.0
2111;0.0
2112;0.0
2113;0.0
2114;0.0
2115;0.0
2116;0.0
2117;0.0
2118;0.0
2119;0.0
2120;0.0
2121;0.0
2122;0.0
2123;0.0
2124;80
2125;80
2126;0.0
2127;0.0
2128;0.0
2129;0.0
2130;0.0
2131;0.0
2132;0.0
2133;0.0
2134;0.0
2135;0.0
2136;0.0
2137;0.0
2138;0.0
2139;0.0
2140;0.0
2141;0.0
2142;0.0
2143;0.0
2144;0.0
2145;0.0
2146;160
2147;160
2148;160
2149;800
2150;640
2151;480
2152;160
2153;400
2154;400
2155;0.0
2156;0.0
2157;0.0
2158;0.0
2159;0.0
2160;0.0
2161;0.0
2162;0.0
2163;0.0
2164;0.0
2165;0.0
2166;0.0
2167;0.0
2168;0.0
2169;0.0
2170;160
2171;240
2172;560
2173;480
2174;800
2175;560
2176;480
2177;0.0
2178;0.0
2179;0.0
2180;0.0
2181;0.0
2182;0.0
2183;0.0
2184;0.0
2185;0.0
2186;0.0
2187;0.0
2188;0.0
2189;0.0
2190;0.0
2191;0.0
2192;0.0
2193;0.0
2194;160
2195;480
2196;160
2197;240
2198;80
2199;0.0
2200;80
2201;0.0
2202;0.0
2203;80
2204;0.0
2205;0.0
2206;0.0
2207;0.0
2208;0.0
2209;0.0
2210;0.0
2211;0.0
2212;0.0
2213;0.0
2214;0.0
2215;0.0
2216;0.0
2217;0.0
2218;0.0
2219;80
2220;400
2221;800
2222;0.0
2223;240
2224;640
2225;160
2226;80
2227;0.0
2228;0.0
2229;0.0
2230;0.0
2231;0.0
2232;0.0
2233;0.0
2234;0.0
2235;0.0
2236;0.0
2237;0.0
2238;0.0
2239;0.0
2240;0.0
2241;0.0
2242;80
2243;320
2244;640
2245;400
2246;480
2247;160
2248;240
2249;160
2250;80
2251;0.0
2252;0.0
2253;0.0
2254;0.0
2255;0.0
2256;0.0
2257;0.0
2258;0.0
2259;0.0
2260;0.0
2261;0.0
2262;0.0
2263;0.0
2264;0.0
2265;0.0
2266;0.0
2267;0.0
2268;0.0
2269;0.0
2270;0.0
2271;0.0
2272;0.0
2273;0.0
2274;0.0
2275;0.0
2276;0.0
2277;0.0
2278;0.0
2279;0.0
2280;0.0
2281;0.0
2282;0.0
2283;0.0
2284;0.0
2285;0.0
2286;0.0
2287;0.0
2288;0.0
2289;0.0
2290;80
2291;480
2292;560
2293;320
2294;800
2295;800
2296;800
2297;320
2298;400
2299;0.0
2300;0.0
2301;0.0
2302;0.0
2303;0.0
2304;0.0
2305;0.0
2306;0.0
2307;0.0
2308;0.0
2309;0.0
2310;0.0
2311;0.0
2312;0.0
2313;0.0
2314;160
2315;400
2316;720
2317;800
2318;800
2319;800
2320;800
2321;720
2322;480
2323;160
2324;0.0
2325;0.0
2326;0.0
2327;0.0
2328;0.0
2329;0.0
2330;0.0
2331;0.0
2332;0.0
2333;0.0
2334;0.0
2335;0.0
2336;0.0
2337;0.0
2338;160
2339;400
2340;720
2341;800
2342;800
2343;800
2344;800
2345;720
2346;480
2347;160
2348;0.0
2349;0.0
2350;0.0
2351;0.0
2352;0.0
2353;0.0
2354;0.0
2355;0.0
2356;0.0
2357;0.0
2358;0.0
2359;0.0
2360;0.0
2361;0.0
2362;0.0
2363;0.0
2364;160
2365;320
2366;160
2367;160
2368;0.0
2369;80
2370;0.0
2371;0.0
2372;0.0
2373;0.0
2374;0.0
2375;0.0
2376;0.0
2377;0.0
2378;0.0
2379;0.0
2380;0.0
2381;0.0
2382;0.0
2383;0.0
2384;0.0
2385;0.0
2386;0.0
2387;0.0
2388;0.0
2389;0.0
2390;80
2391;0.0
2392;0.0
2393;0.0
2394;0.0
2395;0.0
2396;0.0
2397;0.0
2398;0.0
2399;0.0
2400;0.0
2401;0.0
2402;0.0
2403;0.0
2404;0.0
2405;0.0
2406;0.0
2407;0.0
2408;0.0
2409;0.0
2410;0.0
2411;0.0
2412;0.0
2413;0.0
2414;320
2415;480
2416;800
2417;640
2418;240
2419;0.0
2420;0.0
2421;0.0
2422;0.0
2423;0.0
2424;0.0
2425;0.0
2426;0.0
2427;0.0
2428;0.0
2429;0.0
2430;0.0
2431;0.0
2432;0.0
2433;0.0
2434;0.0
2435;0.0
2436;0.0
2437;0.0
2438;0.0
2439;80
2440;80
2441;80
2442;0.0
2443;0.0
2444;0.0
2445;0.0
2446;0.0
2447;0.0
2448;0.0
2449;0.0
2450;0.0
2451;0.0
2452;0.0
2453;0.0
2454;0.0
2455;0.0
2456;0.0
2457;0.0
2458;80
2459;160
2460;320
2461;0.0
2462;160
2463;80
2464;0.0
2465;0.0
2466;0.0
2467;0.0
2468;0.0
2469;0.0
2470;0.0
2471;0.0
2472;0.0
2473;0.0
2474;0.0
2475;0.0
2476;0.0
2477;0.0
2478;0.0
2479;0.0
2480;0.0
2481;0.0
2482;0.0
2483;160
2484;160
2485;160
2486;80
2487;160
2488;80
2489;0.0
2490;0.0
2491;0.0
2492;0.0
2493;0.0
2494;0.0
2495;0.0
2496;0.0
2497;0.0
2498;0.0
2499;0.0
2500;0.0
2501;0.0
2502;0.0
2503;0.0
2504;0.0
2505;0.0
2506;80
2507;240
2508;480
2509;480
2510;400
2511;160
2512;80
2513;0.0
2514;0.0
2515;0.0
2516;0.0
2517;0.0
2518;0.0
2519;0.0
2520;0.0
2521;0.0
2522;0.0
2523;0.0
2524;0.0
2525;0.0
2526;0.0
2527;0.0
2528;0.0
2529;0.0
2530;80
2531;80
2532;80
2533;240
2534;160
2535;80
2536;160
2537;80
2538;0.0
2539;0.0
2540;0.0
2541;0.0
2542;0.0
2543;0.0
2544;0.0
2545;0.0
2546;0.0
2547;0.0
2548;0.0
2549;0.0
2550;0.0
2551;0.0
2552;0.0
2553;0.0
2554;0.0
2555;80
2556;160
2557;160
2558;80
2559;320
2560;160
2561;160
2562;80
2563;0.0
2564;0.0
2565;0.0
2566;0.0
2567;0.0
2568;0.0
2569;0.0
2570;0.0
2571;0.0
2572;0.0
2573;0.0
2574;0.0
2575;0.0
2576;0.0
2577;0.0
2578;160
2579;400
2580;400
2581;160
2582;160
2583;240
2584;400
2585;480
2586;80
2587;0.0
2588;0.0
2589;0.0
2590;0.0
2591;0.0
2592;0.0
2593;0.0
2594;0.0
2595;0.0
2596;0.0
2597;0.0
2598;0.0
2599;0.0
2600;0.0
2601;0.0
2602;240
2603;320
2604;560
2605;800
2606;800
2607;640
2608;400
2609;320
2610;240
2611;80
2612;0.0
2613;0.0
2614;0.0
2615;0.0
2616;0.0
2617;0.0
2618;0.0
2619;0.0
2620;0.0
2621;0.0
2622;0.0
2623;0.0
2624;0.0
2625;0.0
2626;240
2627;480
2628;720
2629;640
2630;160
2631;720
2632;480
2633;400
2634;240
2635;80
2636;0.0
2637;0.0
2638;0.0
2639;0.0
2640;0.0
2641;0.0
2642;0.0
2643;0.0
2644;0.0
2645;0.0
2646;0.0
2647;0.0
2648;0.0
2649;0.0
2650;240
2651;480
2652;640
2653;800
2654;720
2655;800
2656;560
2657;240
2658;480
2659;160
2660;0.0
2661;0.0
2662;0.0
2663;0.0
2664;0.0
2665;0.0
2666;0.0
2667;0.0
2668;0.0
2669;0.0
2670;0.0
2671;0.0
2672;0.0
2673;0.0
2674;320
2675;160
2676;160
2677;320
2678;0.0
2679;640
2680;400
2681;0.0
2682;80
2683;0.0
2684;0.0
2685;0.0
2686;0.0
2687;0.0
2688;0.0
2689;0.0
2690;0.0
2691;0.0
2692;0.0
2693;0.0
2694;0.0
2695;0.0
2696;0.0
2697;0.0
2698;160
2699;240
2700;640
2701;640
2702;800
2703;800
2704;480
2705;400
2706;400
2707;320
2708;0.0
2709;0.0
2710;0.0
2711;0.0
2712;0.0
2713;0.0
2714;0.0
2715;0.0
2716;0.0
2717;0.0
2718;0.0
2719;0.0
2720;0.0
2721;0.0
2722;240
2723;480
2724;720
2725;800
2726;800
2727;800
2728;720
2729;560
2730;480
2731;240
2732;80
2733;0.0
2734;0.0
2735;0.0
2736;0.0
2737;0.0
2738;0.0
2739;0.0
2740;0.0
2741;0.0
2742;0.0
2743;0.0
2744;0.0
2745;0.0
2746;400
2747;480
2748;720
2749;720
2750;400
2751;0.0
2752;240
2753;80
2754;0.0
2755;0.0
2756;0.0
2757;0.0
2758;0.0
2759;0.0
2760;0.0
2761;0.0
2762;0.0
2763;0.0
2764;0.0
2765;0.0
2766;0.0
2767;0.0
2768;0.0
2769;0.0
2770;240
2771;0.0
2772;0.0
2773;240
2774;640
2775;80
2776;80
2777;240
2778;0.0
2779;0.0
2780;0.0
2781;0.0
2782;0.0
2783;0.0
2784;0.0
2785;0.0
2786;0.0
2787;0.0
2788;0.0
2789;0.0
2790;0.0
2791;0.0
2792;0.0
2793;0.0
2794;0.0
2795;0.0
2796;0.0
2797;80
2798;0.0
2799;0.0
2800;0.0
2801;0.0
2802;0.0
2803;0.0
2804;0.0
2805;0.0
2806;0.0
2807;0.0
2808;0.0
2809;0.0
2810;0.0
2811;0.0
2812;0.0
2813;0.0
2814;0.0
2815;0.0
2816;0.0
2817;0.0
2818;0.0
2819;0.0
2820;0.0
2821;0.0
2822;0.0
2823;80
2824;80
2825;0.0
2826;80
2827;0.0
2828;0.0
2829;0.0
2830;0.0
2831;0.0
2832;0.0
2833;0.0
2834;0.0
2835;0.0
2836;0.0
2837;0.0
2838;0.0
2839;0.0
2840;0.0
2841;0.0
2842;0.0
2843;0.0
2844;0.0
2845;0.0
2846;640
2847;160
2848;400
2849;80
2850;0.0
2851;0.0
2852;0.0
2853;0.0
2854;0.0
2855;0.0
2856;0.0
2857;0.0
2858;0.0
2859;0.0
2860;0.0
2861;0.0
2862;0.0
2863;0.0
2864;0.0
2865;0.0
2866;160
2867;240
2868;640
2869;720
2870;320
2871;320
2872;240
2873;80
2874;0.0
2875;0.0
2876;0.0
2877;0.0
2878;0.0
2879;0.0
2880;0.0
2881;0.0
2882;0.0
2883;0.0
2884;0.0
2885;0.0
2886;0.0
2887;0.0
2888;0.0
2889;0.0
2890;160
2891;240
2892;160
2893;800
2894;720
2895;400
2896;320
2897;160
2898;80
2899;0.0
2900;0.0
2901;0.0
2902;0.0
2903;0.0
2904;0.0
2905;0.0
2906;0.0
2907;0.0
2908;0.0
2909;0.0
2910;0.0
2911;0.0
2912;0.0
2913;0.0
2914;320
2915;480
2916;640
2917;800
2918;480
2919;480
2920;800
2921;320
2922;320
2923;160
2924;80
2925;0.0
2926;0.0
2927;0.0
2928;0.0
2929;0.0
2930;0.0
2931;0.0
2932;0.0
2933;0.0
2934;0.0
2935;0.0
2936;0.0
2937;0.0
2938;320
2939;480
2940;720
2941;560
2942;320
2943;720
2944;800
2945;800
2946;480
2947;320
2948;80
2949;0.0
2950;0.0
2951;0.0
2952;0.0
2953;0.0
2954;0.0
2955;0.0
2956;0.0
2957;0.0
2958;0.0
2959;0.0
2960;0.0
2961;80
2962;240
2963;560
2964;720
2965;800
2966;800
2967;800
2968;800
2969;560
2970;400
2971;240
2972;80
2973;0.0
2974;0.0
2975;0.0
2976;0.0
2977;0.0
2978;0.0
2979;0.0
2980;0.0
2981;0.0
2982;0.0
2983;0.0
2984;0.0
2985;0.0
2986;320
2987;400
2988;800
2989;800
2990;560
2991;720
2992;800
2993;560
2994;240
2995;320
2996;80
2997;0.0
2998;0.0
2999;0.0
3000;0.0
3001;0.0
3002;0.0
3003;0.0
3004;0.0
3005;0.0
3006;0.0
3007;0.0
3008;0.0
3009;0.0
3010;320
3011;560
3012;800
3013;800
3014;800
3015;800
3016;560
3017;720
3018;480
3019;320
3020;80
3021;0.0
3022;0.0
3023;0.0
3024;0.0
3025;0.0
3026;0.0
3027;0.0
3028;0.0
3029;0.0
3030;0.0
3031;0.0
3032;0.0
3033;0.0
3034;320
3035;560
3036;800
3037;800
3038;800
3039;800
3040;640
3041;800
3042;480
3043;400
3044;80
3045;0.0
3046;0.0
3047;0.0
3048;0.0
3049;0.0
3050;0.0
3051;0.0
3052;0.0
3053;0.0
3054;0.0
3055;0.0
3056;0.0
3057;0.0
3058;320
3059;560
3060;800
3061;800
3062;800
3063;800
3064;560
3065;400
3066;320
3067;80
3068;0.0
3069;0.0
3070;0.0
3071;0.0
3072;0.0
3073;0.0
3074;0.0
3075;0.0
3076;0.0
3077;0.0
3078;0.0
3079;0.0
3080;0.0
3081;0.0
3082;0.0
3083;0.0
3084;0.0
3085;0.0
3086;0.0
3087;0.0
3088;0.0
3089;0.0
3090;0.0
3091;0.0
3092;0.0
3093;0.0
3094;0.0
3095;0.0
3096;0.0
3097;0.0
3098;0.0
3099;0.0
3100;0.0
3101;0.0
3102;0.0
3103;0.0
3104;0.0
3105;80
3106;240
3107;240
3108;800
3109;560
3110;400
3111;800
3112;800
3113;720
3114;560
3115;160
3116;80
3117;0.0
3118;0.0
3119;0.0
3120;0.0
3121;0.0
3122;0.0
3123;0.0
3124;0.0
3125;0.0
3126;0.0
3127;0.0
3128;0.0
3129;0.0
3130;320
3131;400
3132;800
3133;800
3134;800
3135;800
3136;800
3137;560
3138;480
3139;320
3140;160
3141;0.0
3142;0.0
3143;0.0
3144;0.0
3145;0.0
3146;0.0
3147;0.0
3148;0.0
3149;0.0
3150;0.0
3151;0.0
3152;0.0
3153;0.0
3154;320
3155;640
3156;800
3157;800
3158;800
3159;800
3160;560
3161;800
3162;480
3163;480
3164;160
3165;0.0
3166;0.0
3167;0.0
3168;0.0
3169;0.0
3170;0.0
3171;0.0
3172;0.0
3173;0.0
3174;0.0
3175;0.0
3176;0.0
3177;0.0
3178;80
3179;320
3180;480
3181;800
3182;800
3183;640
3184;400
3185;800
3186;400
3187;240
3188;80
3189;0.0
3190;0.0
3191;0.0
3192;0.0
3193;0.0
3194;0.0
3195;0.0
3196;0.0
3197;0.0
3198;0.0
3199;0.0
3200;0.0
3201;80
3202;160
3203;320
3204;560
3205;800
3206;720
3207;800
3208;560
3209;400
3210;640
3211;320
3212;80
3213;0.0
3214;0.0
3215;0.0
3216;0.0
3217;0.0
3218;0.0
3219;0.0
3220;0.0
3221;0.0
3222;0.0
3223;0.0
3224;0.0
3225;80
3226;320
3227;560
3228;640
3229;800
3230;640
3231;800
3232;800
3233;640
3234;640
3235;160
3236;80
3237;0.0
3238;0.0
3239;0.0
3240;0.0
3241;0.0
3242;0.0
3243;0.0
3244;0.0
3245;0.0
3246;0.0
3247;0.0
3248;0.0
3249;80
3250;240
3251;240
3252;720
3253;560
3254;400
3255;240
3256;160
3257;240
3258;240
3259;160
3260;0.0
3261;0.0
3262;0.0
3263;0.0
3264;0.0
3265;0.0
3266;0.0
3267;0.0
3268;0.0
3269;0.0
3270;0.0
3271;0.0
3272;0.0
3273;160
3274;320
3275;480
3276;800
3277;640
3278;800
3279;560
3280;800
3281;640
3282;480
3283;400
3284;160
3285;0.0
3286;0.0
3287;0.0
3288;0.0
3289;0.0
3290;0.0
3291;0.0
3292;0.0
3293;0.0
3294;0.0
3295;0.0
3296;80
3297;160
3298;80
3299;0.0
3300;80
3301;160
3302;80
3303;240
3304;80
3305;0.0
3306;0.0
3307;0.0
3308;0.0
3309;0.0
3310;0.0
3311;0.0
3312;0.0
3313;0.0
3314;0.0
3315;0.0
3316;0.0
3317;0.0
3318;0.0
3319;0.0
3320;0.0
3321;0.0
3322;160
3323;640
3324;640
3325;400
3326;800
3327;800
3328;640
3329;480
3330;640
3331;320
3332;0.0
3333;0.0
3334;0.0
3335;0.0
3336;0.0
3337;0.0
3338;0.0
3339;0.0
3340;0.0
3341;0.0
3342;0.0
3343;0.0
3344;0.0
3345;160
3346;160
3347;240
3348;240
3349;160
3350;80
3351;160
3352;160
3353;160
3354;240
3355;240
3356;0.0
3357;0.0
3358;0.0
3359;0.0
3360;0.0
3361;0.0
3362;0.0
3363;0.0
3364;0.0
3365;0.0
3366;0.0
3367;0.0
3368;0.0
3369;0.0
3370;240
3371;320
3372;160
3373;160
3374;480
3375;480
3376;800
3377;480
3378;160
3379;160
3380;80
3381;0.0
3382;0.0
3383;0.0
3384;0.0
3385;0.0
3386;0.0
3387;0.0
3388;0.0
3389;0.0
3390;0.0
3391;0.0
3392;0.0
3393;0.0
3394;320
3395;400
3396;400
3397;400
3398;560
3399;400
3400;160
3401;0.0
3402;0.0
3403;0.0
3404;0.0
3405;0.0
3406;0.0
3407;0.0
3408;0.0
3409;0.0
3410;0.0
3411;0.0
3412;0.0
3413;0.0
3414;0.0
3415;0.0
3416;0.0
3417;80
3418;80
3419;560
3420;720
3421;800
3422;800
3423;640
3424;560
3425;720
3426;640
3427;160
3428;0.0
3429;0.0
3430;0.0
3431;0.0
3432;0.0
3433;0.0
3434;0.0
3435;0.0
3436;0.0
3437;0.0
3438;0.0
3439;0.0
3440;0.0
3441;0.0
3442;320
3443;640
3444;480
3445;800
3446;640
3447;720
3448;800
3449;800
3450;720
3451;240
3452;80
3453;0.0
3454;0.0
3455;0.0
3456;0.0
3457;0.0
3458;0.0
3459;0.0
3460;0.0
3461;0.0
3462;0.0
3463;0.0
3464;0.0
3465;0.0
3466;160
3467;320
3468;240
3469;320
3470;240
3471;160
3472;160
3473;160
3474;0.0
3475;0.0
3476;0.0
3477;0.0
3478;0.0
3479;0.0
3480;0.0
3481;0.0
3482;0.0
3483;0.0
3484;0.0
3485;0.0
3486;0.0
3487;0.0
3488;0.0
3489;0.0
3490;0.0
3491;0.0
3492;80
3493;80
3494;240
3495;320
3496;160
3497;80
3498;0.0
3499;0.0
3500;0.0
3501;0.0
3502;0.0
3503;0.0
3504;0.0
3505;0.0
3506;0.0
3507;0.0
3508;0.0
3509;0.0
3510;0.0
3511;0.0
3512;0.0
3513;0.0
3514;80
3515;160
3516;160
3517;160
3518;320
3519;400
3520;240
3521;480
3522;320
3523;80
3524;0.0
3525;0.0
3526;0.0
3527;0.0
3528;0.0
3529;0.0
3530;0.0
3531;0.0
3532;0.0
3533;0.0
3534;0.0
3535;0.0
3536;0.0
3537;0.0
3538;0.0
3539;80
3540;400
3541;720
3542;400
3543;800
3544;800
3545;640
3546;400
3547;160
3548;80
3549;0.0
3550;0.0
3551;0.0
3552;0.0
3553;0.0
3554;0.0
3555;0.0
3556;0.0
3557;0.0
3558;0.0
3559;0.0
3560;0.0
3561;0.0
3562;80
3563;0.0
3564;0.0
3565;0.0
3566;0.0
3567;0.0
3568;160
3569;160
3570;80
3571;0.0
3572;0.0
3573;0.0
3574;0.0
3575;0.0
3576;0.0
3577;0.0
3578;0.0
3579;0.0
3580;0.0
3581;0.0
3582;0.0
3583;0.0
3584;0.0
3585;0.0
3586;80
3587;160
3588;240
3589;80
3590;80
3591;0.0
3592;320
3593;560
3594;400
3595;240
3596;0.0
3597;0.0
3598;0.0
3599;0.0
3600;0.0
3601;0.0
3602;0.0
3603;0.0
3604;0.0
3605;0.0
3606;0.0
3607;0.0
3608;0.0
3609;0.0
3610;0.0
3611;0.0
3612;160
3613;80
3614;720
3615;240
3616;400
3617;160
3618;160
3619;0.0
3620;0.0
3621;0.0
3622;0.0
3623;0.0
3624;0.0
3625;0.0
3626;0.0
3627;0.0
3628;0.0
3629;0.0
3630;0.0
3631;0.0
3632;0.0
3633;0.0
3634;80
3635;0.0
3636;80
3637;160
3638;80
3639;80
3640;80
3641;0.0
3642;0.0
3643;160
3644;0.0
3645;0.0
3646;0.0
3647;0.0
3648;0.0
3649;0.0
3650;0.0
3651;0.0
3652;0.0
3653;0.0
3654;0.0
3655;0.0
3656;0.0
3657;80
3658;160
3659;160
3660;80
3661;160
3662;320
3663;400
3664;400
3665;400
3666;160
3667;240
3668;80
3669;0.0
3670;0.0
3671;0.0
3672;0.0
3673;0.0
3674;0.0
3675;0.0
3676;0.0
3677;0.0
3678;0.0
3679;0.0
3680;0.0
3681;0.0
3682;240
3683;240
3684;320
3685;720
3686;720
3687;560
3688;720
3689;80
3690;240
3691;80
3692;0.0
3693;0.0
3694;0.0
3695;0.0
3696;0.0
3697;0.0
3698;0.0
3699;0.0
3700;0.0
3701;0.0
3702;0.0
3703;0.0
3704;0.0
3705;0.0
3706;0.0
3707;0.0
3708;80
3709;160
3710;320
3711;240
3712;720
3713;480
3714;320
3715;240
3716;0.0
3717;0.0
3718;0.0
3719;0.0
3720;0.0
3721;0.0
3722;0.0
3723;0.0
3724;0.0
3725;0.0
3726;0.0
3727;0.0
3728;0.0
3729;160
3730;160
3731;320
3732;320
3733;320
3734;720
3735;240
3736;80
3737;640
3738;320
3739;0.0
3740;0.0
3741;0.0
3742;0.0
3743;0.0
3744;0.0
3745;0.0
3746;0.0
3747;0.0
3748;0.0
3749;0.0
3750;0.0
3751;0.0
3752;0.0
3753;0.0
3754;160
3755;400
3756;240
3757;240
3758;480
3759;800
3760;800
3761;240
3762;80
3763;0.0
3764;80
3765;0.0
3766;0.0
3767;0.0
3768;0.0
3769;0.0
3770;0.0
3771;0.0
3772;0.0
3773;0.0
3774;0.0
3775;0.0
3776;0.0
3777;0.0
3778;240
3779;400
3780;720
3781;480
3782;400
3783;480
3784;320
3785;400
3786;320
3787;240
3788;160
3789;0.0
3790;0.0
3791;0.0
3792;0.0
3793;0.0
3794;0.0
3795;0.0
3796;0.0
3797;0.0
3798;0.0
3799;0.0
3800;0.0
3801;0.0
3802;320
3803;560
3804;800
3805;800
3806;720
3807;560
3808;320
3809;400
3810;240
3811;240
3812;160
3813;0.0
3814;0.0
3815;0.0
3816;0.0
3817;0.0
3818;0.0
3819;0.0
3820;0.0
3821;0.0
3822;0.0
3823;0.0
3824;0.0
3825;0.0
3826;320
3827;560
3828;800
3829;800
3830;800
3831;800
3832;800
3833;640
3834;560
3835;320
3836;160
3837;0.0
3838;0.0
3839;0.0
3840;0.0
3841;0.0
3842;0.0
3843;0.0
3844;0.0
3845;0.0
3846;0.0
3847;0.0
3848;0.0
3849;80
3850;320
3851;560
3852;800
3853;800
3854;800
3855;800
3856;800
3857;800
3858;720
3859;480
3860;240
3861;80
3862;0.0
3863;0.0
3864;0.0
3865;0.0
3866;0.0
3867;0.0
3868;0.0
3869;0.0
3870;0.0
3871;0.0
3872;0.0
3873;0.0
3874;320
3875;640
3876;800
3877;800
3878;800
3879;800
3880;800
3881;800
3882;720
3883;560
3884;240
3885;0.0
3886;0.0
3887;0.0
3888;0.0
3889;0.0
3890;0.0
3891;0.0
3892;0.0
3893;0.0
3894;0.0
3895;0.0
3896;0.0
3897;0.0
3898;320
3899;720
3900;800
3901;800
3902;800
3903;800
3904;800
3905;800
3906;720
3907;560
3908;320
3909;80
3910;0.0
3911;0.0
3912;0.0
3913;0.0
3914;0.0
3915;0.0
3916;0.0
3917;0.0
3918;0.0
3919;0.0
3920;0.0
3921;0.0
3922;400
3923;720
3924;800
3925;800
3926;800
3927;800
3928;800
3929;800
3930;800
3931;640
3932;320
3933;80
3934;0.0
3935;0.0
3936;0.0
3937;0.0
3938;0.0
3939;0.0
3940;0.0
3941;0.0
3942;0.0
3943;0.0
3944;0.0
3945;80
3946;400
3947;720
3948;800
3949;800
3950;800
3951;800
3952;800
3953;800
3954;800
3955;640
3956;320
3957;80
3958;0.0
3959;0.0
3960;0.0
3961;0.0
3962;0.0
3963;0.0
3964;0.0
3965;0.0
3966;0.0
3967;0.0
3968;80
3969;160
3970;480
3971;800
3972;560
3973;800
3974;720
3975;800
3976;720
3977;800
3978;320
3979;560
3980;400
3981;160
3982;0.0
3983;0.0
3984;0.0
3985;0.0
3986;0.0
3987;0.0
3988;0.0
3989;0.0
3990;0.0
3991;0.0
3992;0.0
3993;160
3994;480
3995;720
3996;800
3997;800
3998;800
3999;800
4000;640
4001;640
4002;640
4003;400
4004;160
4005;0.0
4006;0.0
4007;0.0
4008;0.0
4009;0.0
4010;0.0
4011;0.0
4012;0.0
4013;0.0
4014;0.0
4015;0.0
4016;160
4017;240
4018;400
4019;800
4020;800
4021;800
4022;800
4023;800
4024;800
4025;800
4026;800
4027;640
4028;320
4029;80
4030;0.0
4031;0.0
4032;0.0
4033;0.0
4034;0.0
4035;0.0
4036;0.0
4037;0.0
4038;0.0
4039;0.0
4040;0.0
4041;80
4042;400
4043;800
4044;800
4045;800
4046;800
4047;800
4048;800
4049;800
4050;800
4051;720
4052;400
4053;160
4054;0.0
4055;0.0
4056;0.0
4057;0.0
4058;0.0
4059;0.0
4060;0.0
4061;0.0
4062;0.0
4063;0.0
4064;0.0
4065;160
4066;480
4067;800
4068;560
4069;640
4070;640
4071;720
4072;800
4073;640
4074;800
4075;480
4076;240
4077;80
4078;0.0
4079;0.0
4080;0.0
4081;0.0
4082;0.0
4083;0.0
4084;0.0
4085;0.0
4086;0.0
4087;0.0
4088;0.0
4089;80
4090;400
4091;800
4092;720
4093;640
4094;720
4095;800
4096;800
4097;720
4098;800
4099;560
4100;240
4101;160
4102;0.0
4103;0.0
4104;0.0
4105;0.0
4106;0.0
4107;0.0
4108;0.0
4109;0.0
4110;0.0
4111;0.0
4112;80
4113;160
4114;480
4115;720
4116;800
4117;800
4118;800
4119;800
4120;800
4121;720
4122;400
4123;240
4124;320
4125;80
4126;0.0
4127;0.0
4128;0.0
4129;0.0
4130;0.0
4131;0.0
4132;0.0
4133;0.0
4134;0.0
4135;0.0
4136;80
4137;160
4138;240
4139;320
4140;320
4141;720
4142;640
4143;560
4144;800
4145;640
4146;480
4147;240
4148;80
4149;0.0
4150;0.0
4151;0.0
4152;0.0
4153;0.0
4154;0.0
4155;0.0
4156;0.0
4157;0.0
4158;0.0
4159;0.0
4160;80
4161;80
4162;240
4163;480
4164;800
4165;800
4166;800
4167;800
4168;800
4169;800
4170;720
4171;640
4172;320
4173;80
4174;0.0
4175;0.0
4176;0.0
4177;0.0
4178;0.0
4179;0.0
4180;0.0
4181;0.0
4182;0.0
4183;0.0
4184;0.0
4185;80
4186;400
4187;800
4188;640
4189;800
4190;800
4191;800
4192;800
4193;800
4194;800
4195;720
4196;400
4197;160
4198;0.0
4199;0.0
4200;0.0
4201;0.0
4202;0.0
4203;0.0
4204;0.0
4205;0.0
4206;0.0
4207;0.0
4208;160
4209;240
4210;400
4211;720
4212;800
4213;800
4214;800
4215;800
4216;800
4217;800
4218;800
4219;480
4220;240
4221;0.0
4222;0.0
4223;0.0
4224;0.0
4225;0.0
4226;0.0
4227;0.0
4228;0.0
4229;0.0
4230;0.0
4231;0.0
4232;80
4233;240
4234;400
4235;800
4236;800
4237;800
4238;720
4239;800
4240;800
4241;800
4242;480
4243;640
4244;240
4245;80
4246;0.0
4247;0.0
4248;0.0
4249;0.0
4250;0.0
4251;0.0
4252;0.0
4253;0.0
4254;0.0
4255;0.0
4256;0.0
4257;80
4258;400
4259;800
4260;480
4261;640
4262;720
4263;720
4264;800
4265;800
4266;720
4267;400
4268;320
4269;160
4270;0.0
4271;0.0
4272;0.0
4273;0.0
4274;0.0
4275;0.0
4276;0.0
4277;0.0
4278;0.0
4279;0.0
4280;0.0
4281;160
4282;400
4283;720
4284;640
4285;480
4286;800
4287;800
4288;720
4289;800
4290;480
4291;320
4292;160
4293;80
4294;0.0
4295;0.0
4296;0.0
4297;0.0
4298;0.0
4299;0.0
4300;0.0
4301;0.0
4302;0.0
4303;0.0
4304;80
4305;80
4306;320
4307;720
4308;800
4309;640
4310;800
4311;800
4312;560
4313;800
4314;560
4315;160
4316;80
4317;0.0
4318;0.0
4319;0.0
4320;0.0
4321;0.0
4322;0.0
4323;0.0
4324;0.0
4325;0.0
4326;0.0
4327;0.0
4328;0.0
4329;80
4330;320
4331;800
4332;800
4333;800
4334;800
4335;800
4336;800
4337;800
4338;800
4339;720
4340;320
4341;160
4342;0.0
4343;0.0
4344;0.0
4345;0.0
4346;0.0
4347;0.0
4348;0.0
4349;0.0
4350;0.0
4351;0.0
4352;0.0
4353;80
4354;320
4355;800
4356;800
4357;720
4358;800
4359;800
4360;800
4361;800
4362;800
4363;640
4364;320
4365;80
4366;0.0
4367;0.0
4368;0.0
4369;0.0
4370;0.0
4371;0.0
4372;0.0
4373;0.0
4374;0.0
4375;0.0
4376;0.0
4377;0.0
4378;320
4379;800
4380;800
4381;800
4382;800
4383;800
4384;800
4385;800
4386;800
4387;560
4388;400
4389;320
4390;240
4391;240
4392;0.0
4393;0.0
4394;0.0
4395;0.0
4396;0.0
4397;0.0
4398;0.0
4399;0.0
4400;0.0
4401;80
4402;400
4403;720
4404;800
4405;800
4406;800
4407;800
4408;800
4409;720
4410;800
4411;640
4412;400
4413;320
4414;240
4415;240
4416;80
4417;0.0
4418;0.0
4419;0.0
4420;0.0
4421;0.0
4422;0.0
4423;0.0
4424;0.0
4425;80
4426;400
4427;800
4428;800
4429;800
4430;800
4431;800
4432;800
4433;800
4434;800
4435;640
4436;400
4437;320
4438;240
4439;240
4440;160
4441;0.0
4442;0.0
4443;0.0
4444;0.0
4445;0.0
4446;0.0
4447;0.0
4448;80
4449;160
4450;480
4451;720
4452;800
4453;800
4454;800
4455;800
4456;800
4457;800
4458;560
4459;400
4460;400
4461;320
4462;240
4463;80
4464;0.0
4465;0.0
4466;0.0
4467;0.0
4468;0.0
4469;0.0
4470;0.0
4471;0.0
4472;0.0
4473;80
4474;400
4475;720
4476;800
4477;800
4478;800
4479;800
4480;800
4481;400
4482;240
4483;160
4484;240
4485;0.0
4486;0.0
4487;0.0
4488;0.0
4489;0.0
4490;0.0
4491;0.0
4492;0.0
4493;0.0
4494;0.0
4495;0.0
4496;0.0
4497;0.0
4498;160
4499;400
4500;640
4501;400
4502;720
4503;560
4504;400
4505;560
4506;480
4507;560
4508;240
4509;0.0
4510;0.0
4511;0.0
4512;0.0
4513;0.0
4514;0.0
4515;0.0
4516;0.0
4517;0.0
4518;0.0
4519;0.0
4520;0.0
4521;80
4522;80
4523;320
4524;800
4525;800
4526;800
4527;800
4528;400
4529;400
4530;240
4531;240
4532;240
4533;80
4534;0.0
4535;0.0
4536;0.0
4537;0.0
4538;0.0
4539;0.0
4540;0.0
4541;0.0
4542;0.0
4543;0.0
4544;0.0
4545;80
4546;400
4547;800
4548;720
4549;800
4550;800
4551;800
4552;800
4553;720
4554;720
4555;640
4556;320
4557;80
4558;0.0
4559;0.0
4560;0.0
4561;0.0
4562;0.0
4563;0.0
4564;0.0
4565;0.0
4566;0.0
4567;0.0
4568;0.0
4569;160
4570;320
4571;480
4572;640
4573;720
4574;800
4575;800
4576;800
4577;800
4578;800
4579;720
4580;400
4581;160
4582;0.0
4583;0.0
4584;0.0
4585;0.0
4586;0.0
4587;0.0
4588;0.0
4589;0.0
4590;0.0
4591;0.0
4592;0.0
4593;80
4594;400
4595;720
4596;800
4597;800
4598;800
4599;800
4600;800
4601;800
4602;720
4603;640
4604;400
4605;160
4606;0.0
4607;0.0
4608;0.0
4609;0.0
4610;0.0
4611;0.0
4612;0.0
4613;0.0
4614;0.0
4615;0.0
4616;0.0
4617;80
4618;400
4619;800
4620;800
4621;800
4622;800
4623;400
4624;480
4625;640
4626;560
4627;560
4628;320
4629;160
4630;0.0
4631;0.0
4632;0.0
4633;0.0
4634;0.0
4635;0.0
4636;0.0
4637;0.0
4638;0.0
4639;0.0
4640;0.0
4641;160
4642;480
4643;800
4644;800
4645;800
4646;800
4647;800
4648;800
4649;800
4650;560
4651;720
4652;480
4653;160
4654;0.0
4655;0.0
4656;0.0
4657;0.0
4658;0.0
4659;0.0
4660;0.0
4661;0.0
4662;0.0
4663;0.0
4664;0.0
4665;160
4666;480
4667;640
4668;800
4669;800
4670;400
4671;800
4672;720
4673;480
4674;480
4675;320
4676;160
4677;80
4678;0.0
4679;0.0
4680;0.0
4681;0.0
4682;0.0
4683;0.0
4684;0.0
4685;0.0
4686;0.0
4687;0.0
4688;0.0
4689;80
4690;400
4691;720
4692;800
4693;800
4694;800
4695;800
4696;800
4697;800
4698;800
4699;720
4700;320
4701;80
4702;0.0
4703;0.0
4704;0.0
4705;0.0
4706;0.0
4707;0.0
4708;0.0
4709;0.0
4710;0.0
4711;0.0
4712;0.0
4713;0.0
4714;320
4715;800
4716;800
4717;800
4718;800
4719;800
4720;800
4721;800
4722;800
4723;640
4724;400
4725;320
4726;240
4727;240
4728;80
4729;0.0
4730;0.0
4731;0.0
4732;0.0
4733;0.0
4734;0.0
4735;0.0
4736;0.0
4737;0.0
4738;320
4739;720
4740;800
4741;800
4742;800
4743;800
4744;800
4745;800
4746;800
4747;640
4748;400
4749;320
4750;240
4751;240
4752;160
4753;0.0
4754;0.0
4755;0.0
4756;0.0
4757;0.0
4758;0.0
4759;0.0
4760;0.0
4761;0.0
4762;400
4763;800
4764;800
4765;800
4766;800
4767;800
4768;800
4769;800
4770;800
4771;640
4772;480
4773;320
4774;240
4775;240
4776;240
4777;0.0
4778;0.0
4779;0.0
4780;0.0
4781;0.0
4782;0.0
4783;0.0
4784;0.0
4785;0.0
4786;400
4787;800
4788;800
4789;800
4790;800
4791;800
4792;800
4793;800
4794;800
4795;640
4796;400
4797;320
4798;240
4799;240
4800;240
4801;0.0
4802;0.0
4803;0.0
4804;0.0
4805;0.0
4806;0.0
4807;0.0
4808;0.0
4809;80
4810;400
4811;720
4812;800
4813;800
4814;800
4815;800
4816;800
4817;800
4818;560
4819;400
4820;400
4821;320
4822;240
4823;240
4824;80
4825;0.0
4826;0.0
4827;0.0
4828;0.0
4829;0.0
4830;0.0
4831;0.0
4832;80
4833;320
4834;560
4835;720
4836;800
4837;800
4838;800
4839;560
4840;480
4841;800
4842;800
4843;640
4844;320
4845;160
4846;0.0
4847;0.0
4848;0.0
4849;0.0
4850;0.0
4851;0.0
4852;0.0
4853;0.0
4854;0.0
4855;0.0
4856;0.0
4857;80
4858;480
4859;800
4860;800
4861;800
4862;800
4863;800
4864;800
4865;400
4866;400
4867;400
4868;320
4869;240
4870;240
4871;80
4872;0.0
4873;0.0
4874;0.0
4875;0.0
4876;0.0
4877;0.0
4878;0.0
4879;0.0
4880;80
4881;160
4882;400
4883;640
4884;800
4885;800
4886;800
4887;800
4888;800
4889;800
4890;800
4891;640
4892;400
4893;320
4894;240
4895;240
4896;240
4897;0.0
4898;0.0
4899;0.0
4900;0.0
4901;0.0
4902;0.0
4903;0.0
4904;0.0
4905;80
4906;400
4907;800
4908;800
4909;800
4910;800
4911;800
4912;560
4913;800
4914;560
4915;560
4916;400
4917;320
4918;240
4919;240
4920;80
4921;0.0
4922;0.0
4923;0.0
4924;0.0
4925;0.0
4926;0.0
4927;0.0
4928;0.0
4929;80
4930;400
4931;720
4932;800
4933;800
4934;800
4935;800
4936;800
4937;800
4938;800
4939;640
4940;400
4941;320
4942;240
4943;240
4944;160
4945;80
4946;0.0
4947;0.0
4948;0.0
4949;0.0
4950;0.0
4951;0.0
4952;80
4953;160
4954;560
4955;640
4956;800
4957;800
4958;640
4959;480
4960;320
4961;480
4962;800
4963;560
4964;240
4965;80
4966;0.0
4967;0.0
4968;0.0
4969;0.0
4970;0.0
4971;0.0
4972;0.0
4973;0.0
4974;0.0
4975;0.0
4976;0.0
4977;160
4978;480
4979;800
4980;800
4981;800
4982;800
4983;800
4984;320
4985;240
4986;400
4987;400
4988;320
4989;80
4990;0.0
4991;0.0
4992;0.0
4993;0.0
4994;0.0
4995;0.0
4996;0.0
4997;0.0
4998;0.0
4999;0.0
5000;80
5001;160
5002;320
5003;640
5004;800
5005;640
5006;800
5007;720
5008;800
5009;800
5010;800
5011;560
5012;320
5013;80
5014;0.0
5015;0.0
5016;0.0
5017;0.0
5018;0.0
5019;0.0
5020;0.0
5021;0.0
5022;0.0
5023;0.0
5024;0.0
5025;0.0
5026;80
5027;160
5028;320
5029;640
5030;800
5031;800
5032;800
5033;800
5034;800
5035;560
5036;240
5037;80
5038;0.0
5039;0.0
5040;0.0
5041;0.0
5042;0.0
5043;0.0
5044;0.0
5045;0.0
5046;0.0
5047;0.0
5048;0.0
5049;160
5050;400
5051;800
5052;720
5053;800
5054;800
5055;800
5056;800
5057;400
5058;480
5059;320
5060;320
5061;240
5062;80
5063;0.0
5064;0.0
5065;0.0
5066;0.0
5067;0.0
5068;0.0
5069;0.0
5070;0.0
5071;0.0
5072;80
5073;80
5074;400
5075;640
5076;800
5077;400
5078;720
5079;480
5080;400
5081;0.0
5082;0.0
5083;0.0
5084;0.0
5085;0.0
5086;0.0
5087;0.0
5088;0.0
5089;0.0
5090;0.0
5091;0.0
5092;0.0
5093;0.0
5094;0.0
5095;0.0
5096;0.0
5097;80
5098;160
5099;320
5100;480
5101;400
5102;320
5103;240
5104;160
5105;320
5106;480
5107;240
5108;0.0
5109;0.0
5110;0.0
5111;0.0
5112;0.0
5113;0.0
5114;0.0
5115;0.0
5116;0.0
5117;0.0
5118;0.0
5119;0.0
5120;0.0
5121;0.0
5122;160
5123;480
5124;560
5125;800
5126;560
5127;560
5128;640
5129;720
5130;800
5131;560
5132;240
5133;0.0
5134;0.0
5135;0.0
5136;0.0
5137;0.0
5138;0.0
5139;0.0
5140;0.0
5141;0.0
5142;0.0
5143;0.0
5144;0.0
5145;0.0
5146;0.0
5147;0.0
5148;80
5149;320
5150;480
5151;640
5152;560
5153;640
5154;320
5155;0.0
5156;0.0
5157;0.0
5158;0.0
5159;0.0
5160;0.0
5161;0.0
5162;0.0
5163;0.0
5164;0.0
5165;0.0
5166;0.0
5167;0.0
5168;0.0
5169;0.0
5170;0.0
5171;480
5172;800
5173;800
5174;720
5175;400
5176;640
5177;800
5178;240
5179;0.0
5180;0.0
5181;0.0
5182;0.0
5183;0.0
5184;0.0
5185;0.0
5186;0.0
5187;0.0
5188;0.0
5189;0.0
5190;0.0
5191;0.0
5192;0.0
5193;0.0
5194;80
5195;320
5196;800
5197;800
5198;800
5199;640
5200;800
5201;400
5202;480
5203;480
5204;160
5205;0.0
5206;0.0
5207;0.0
5208;0.0
5209;0.0
5210;0.0
5211;0.0
5212;0.0
5213;0.0
5214;0.0
5215;0.0
5216;0.0
5217;0.0
5218;0.0
5219;160
5220;320
5221;240
5222;560
5223;720
5224;400
5225;560
5226;320
5227;160
5228;0.0
5229;0.0
5230;0.0
5231;0.0
5232;0.0
5233;0.0
5234;0.0
5235;0.0
5236;0.0
5237;0.0
5238;0.0
5239;0.0
5240;0.0
5241;80
5242;80
5243;160
5244;560
5245;640
5246;800
5247;560
5248;720
5249;720
5250;480
5251;560
5252;240
5253;0.0
5254;0.0
5255;0.0
5256;0.0
5257;0.0
5258;0.0
5259;0.0
5260;0.0
5261;0.0
5262;0.0
5263;0.0
5264;0.0
5265;80
5266;240
5267;160
5268;240
5269;640
5270;400
5271;0.0
5272;160
5273;160
5274;80
5275;0.0
5276;0.0
5277;0.0
5278;0.0
5279;0.0
5280;0.0
5281;0.0
5282;0.0
5283;0.0
5284;0.0
5285;0.0
5286;0.0
5287;0.0
5288;0.0
5289;0.0
5290;240
5291;800
5292;800
5293;800
5294;560
5295;640
5296;800
5297;800
5298;640
5299;320
5300;160
5301;0.0
5302;0.0
5303;0.0
5304;0.0
5305;0.0
5306;0.0
5307;0.0
5308;0.0
5309;0.0
5310;0.0
5311;0.0
5312;0.0
5313;0.0
5314;0.0
5315;0.0
5316;0.0
5317;0.0
5318;0.0
5319;80
5320;800
5321;720
5322;800
5323;160
5324;0.0
5325;0.0
5326;0.0
5327;0.0
5328;0.0
5329;0.0
5330;0.0
5331;0.0
5332;0.0
5333;0.0
5334;0.0
5335;0.0
5336;0.0
5337;0.0
5338;240
5339;160
5340;80
5341;400
5342;560
5343;800
5344;400
5345;240
5346;160
5347;0.0
5348;0.0
5349;0.0
5350;0.0
5351;0.0
5352;0.0
5353;0.0
5354;0.0
5355;0.0
5356;0.0
5357;0.0
5358;0.0
5359;0.0
5360;0.0
5361;80
5362;80
5363;160
5364;160
5365;80
5366;800
5367;400
5368;800
5369;720
5370;720
5371;400
5372;0.0
5373;0.0
5374;0.0
5375;0.0
5376;0.0
5377;0.0
5378;0.0
5379;0.0
5380;0.0
5381;0.0
5382;0.0
5383;0.0
5384;0.0
5385;0.0
5386;160
5387;240
5388;240
5389;160
5390;160
5391;240
5392;160
5393;160
5394;80
5395;0.0
5396;0.0
5397;0.0
5398;0.0
5399;0.0
5400;0.0
5401;0.0
5402;0.0
5403;0.0
5404;0.0
5405;0.0
5406;0.0
5407;0.0
5408;0.0
5409;80
5410;160
5411;480
5412;720
5413;480
5414;560
5415;240
5416;400
5417;480
5418;160
5419;0.0
5420;0.0
5421;0.0
5422;0.0
5423;0.0
5424;0.0
5425;0.0
5426;0.0
5427;0.0
5428;0.0
5429;0.0
5430;0.0
5431;0.0
5432;0.0
5433;0.0
5434;160
5435;320
5436;560
5437;640
5438;800
5439;800
5440;800
5441;800
5442;720
5443;560
5444;160
5445;0.0
5446;0.0
5447;0.0
5448;0.0
5449;0.0
5450;0.0
5451;0.0
5452;0.0
5453;0.0
5454;0.0
5455;0.0
5456;0.0
5457;0.0
5458;0.0
5459;80
5460;400
5461;800
5462;800
5463;800
5464;640
5465;800
5466;560
5467;320
5468;80
5469;0.0
5470;0.0
5471;0.0
5472;0.0
5473;0.0
5474;0.0
5475;0.0
5476;0.0
5477;0.0
5478;0.0
5479;0.0
5480;0.0
5481;80
5482;320
5483;480
5484;800
5485;800
5486;800
5487;800
5488;720
5489;800
5490;800
5491;480
5492;240
5493;0.0
5494;0.0
5495;0.0
5496;0.0
5497;0.0
5498;0.0
5499;0.0
5500;0.0
5501;0.0
5502;0.0
5503;0.0
5504;0.0
5505;0.0
5506;80
5507;720
5508;720
5509;800
5510;800
5511;800
5512;800
5513;800
5514;800
5515;640
5516;240
5517;0.0
5518;0.0
5519;0.0
5520;0.0
5521;0.0
5522;0.0
5523;0.0
5524;0.0
5525;0.0
5526;0.0
5527;0.0
5528;0.0
5529;0.0
5530;320
5531;800
5532;720
5533;720
5534;800
5535;560
5536;240
5537;800
5538;480
5539;80
5540;0.0
5541;0.0
5542;0.0
5543;0.0
5544;0.0
5545;0.0
5546;0.0
5547;0.0
5548;0.0
5549;0.0
5550;0.0
5551;0.0
5552;0.0
5553;80
5554;80
5555;560
5556;560
5557;720
5558;560
5559;800
5560;800
5561;240
5562;320
5563;400
5564;80
5565;0.0
5566;0.0
5567;0.0
5568;0.0
5569;0.0
5570;0.0
5571;0.0
5572;0.0
5573;0.0
5574;0.0
5575;0.0
5576;0.0
5577;0.0
5578;80
5579;160
5580;640
5581;800
5582;800
5583;560
5584;320
5585;640
5586;320
5587;240
5588;80
5589;0.0
5590;0.0
5591;0.0
5592;0.0
5593;0.0
5594;0.0
5595;0.0
5596;0.0
5597;0.0
5598;0.0
5599;0.0
5600;0.0
5601;0.0
5602;80
5603;240
5604;560
5605;800
5606;800
5607;720
5608;400
5609;320
5610;400
5611;400
5612;80
5613;0.0
5614;0.0
5615;0.0
5616;0.0
5617;0.0
5618;0.0
5619;0.0
5620;0.0
5621;0.0
5622;0.0
5623;0.0
5624;0.0
5625;0.0
5626;320
5627;560
5628;720
5629;800
5630;800
5631;800
5632;800
5633;640
5634;800
5635;480
5636;80
5637;0.0
5638;0.0
5639;0.0
5640;0.0
5641;0.0
5642;0.0
5643;0.0
5644;0.0
5645;0.0
5646;0.0
5647;0.0
5648;0.0
5649;80
5650;160
5651;560
5652;800
5653;400
5654;480
5655;800
5656;800
5657;800
5658;320
5659;0.0
5660;0.0
5661;0.0
5662;0.0
5663;0.0
5664;0.0
5665;0.0
5666;0.0
5667;0.0
5668;0.0
5669;0.0
5670;0.0
5671;0.0
5672;0.0
5673;0.0
5674;160
5675;240
5676;320
5677;80
5678;160
5679;240
5680;160
5681;320
5682;320
5683;80
5684;0.0
5685;0.0
5686;0.0
5687;0.0
5688;0.0
5689;0.0
5690;0.0
5691;0.0
5692;0.0
5693;0.0
5694;0.0
5695;0.0
5696;0.0
5697;0.0
5698;160
5699;560
5700;800
5701;640
5702;800
5703;800
5704;800
5705;800
5706;400
5707;480
5708;80
5709;0.0
5710;0.0
5711;0.0
5712;0.0
5713;0.0
5714;0.0
5715;0.0
5716;0.0
5717;0.0
5718;0.0
5719;0.0
5720;0.0
5721;80
5722;80
5723;240
5724;240
5725;240
5726;80
5727;800
5728;800
5729;560
5730;160
5731;80
5732;0.0
5733;0.0
5734;0.0
5735;0.0
5736;0.0
5737;0.0
5738;0.0
5739;0.0
5740;0.0
5741;0.0
5742;0.0
5743;0.0
5744;0.0
5745;0.0
5746;0.0
5747;160
5748;640
5749;560
5750;160
5751;80
5752;80
5753;0.0
5754;0.0
5755;0.0
5756;0.0
5757;0.0
5758;0.0
5759;0.0
5760;0.0
5761;0.0
5762;0.0
5763;0.0
5764;0.0
5765;0.0
5766;0.0
5767;0.0
5768;0.0
5769;0.0
5770;80
5771;240
5772;80
5773;720
5774;0.0
5775;560
5776;480
5777;80
5778;160
5779;0.0
5780;0.0
5781;0.0
5782;0.0
5783;0.0
5784;0.0
5785;0.0
5786;0.0
5787;0.0
5788;0.0
5789;0.0
5790;0.0
5791;0.0
5792;0.0
5793;0.0
5794;80
5795;0.0
5796;160
5797;320
5798;400
5799;400
5800;800
5801;560
5802;320
5803;80
5804;0.0
5805;0.0
5806;0.0
5807;0.0
5808;0.0
5809;0.0
5810;0.0
5811;0.0
5812;0.0
5813;0.0
5814;0.0
5815;0.0
5816;0.0
5817;0.0
5818;80
5819;320
5820;800
5821;800
5822;800
5823;800
5824;800
5825;560
5826;800
5827;480
5828;80
5829;0.0
5830;0.0
5831;0.0
5832;0.0
5833;0.0
5834;0.0
5835;0.0
5836;0.0
5837;0.0
5838;0.0
5839;0.0
5840;0.0
5841;0.0
5842;240
5843;720
5844;800
5845;800
5846;800
5847;800
5848;800
5849;800
5850;800
5851;480
5852;80
5853;0.0
5854;0.0
5855;0.0
5856;0.0
5857;0.0
5858;0.0
5859;0.0
5860;0.0
5861;0.0
5862;0.0
5863;0.0
5864;0.0
5865;80
5866;240
5867;560
5868;800
5869;800
5870;800
5871;800
5872;800
5873;800
5874;560
5875;240
5876;0.0
5877;0.0
5878;0.0
5879;0.0
5880;0.0
5881;0.0
5882;0.0
5883;0.0
5884;0.0
5885;0.0
5886;0.0
5887;0.0
5888;0.0
5889;80
5890;160
5891;640
5892;560
5893;560
5894;800
5895;480
5896;400
5897;160
5898;160
5899;80
5900;0.0
5901;0.0
5902;0.0
5903;0.0
5904;0.0
5905;0.0
5906;0.0
5907;0.0
5908;0.0
5909;0.0
5910;0.0
5911;0.0
5912;0.0
5913;0.0
5914;160
5915;480
5916;720
5917;560
5918;800
5919;640
5920;320
5921;480
5922;400
5923;320
5924;0.0
5925;0.0
5926;0.0
5927;0.0
5928;0.0
5929;0.0
5930;0.0
5931;0.0
5932;0.0
5933;0.0
5934;0.0
5935;0.0
5936;0.0
5937;80
5938;240
5939;320
5940;720
5941;720
5942;800
5943;800
5944;800
5945;800
5946;800
5947;400
5948;80
5949;0.0
5950;0.0
5951;0.0
5952;0.0
5953;0.0
5954;0.0
5955;0.0
5956;0.0
5957;0.0
5958;0.0
5959;0.0
5960;0.0
5961;0.0
5962;320
5963;640
5964;800
5965;800
5966;800
5967;800
5968;480
5969;560
5970;240
5971;160
5972;0.0
5973;0.0
5974;0.0
5975;0.0
5976;0.0
5977;0.0
5978;0.0
5979;0.0
5980;0.0
5981;0.0
5982;0.0
5983;0.0
5984;0.0
5985;0.0
5986;320
5987;800
5988;800
5989;800
5990;800
5991;800
5992;800
5993;720
5994;560
5995;160
5996;0.0
5997;0.0
5998;0.0
5999;0.0
6000;0.0
6001;0.0
6002;0.0
6003;0.0
6004;0.0
6005;0.0
6006;0.0
6007;0.0
6008;0.0
6009;0.0
6010;160
6011;640
6012;800
6013;800
6014;800
6015;800
6016;800
6017;800
6018;800
6019;320
6020;0.0
6021;0.0
6022;0.0
6023;0.0
6024;0.0
6025;0.0
6026;0.0
6027;0.0
6028;0.0
6029;0.0
6030;0.0
6031;0.0
6032;0.0
6033;0.0
6034;240
6035;800
6036;800
6037;800
6038;800
6039;800
6040;800
6041;800
6042;800
6043;320
6044;240
6045;160
6046;160
6047;0.0
6048;0.0
6049;0.0
6050;0.0
6051;0.0
6052;0.0
6053;0.0
6054;0.0
6055;0.0
6056;0.0
6057;0.0
6058;240
6059;720
6060;800
6061;800
6062;800
6063;720
6064;800
6065;800
6066;640
6067;400
6068;240
6069;240
6070;240
6071;0.0
6072;0.0
6073;0.0
6074;0.0
6075;0.0
6076;0.0
6077;0.0
6078;0.0
6079;0.0
6080;0.0
6081;0.0
6082;320
6083;720
6084;800
6085;800
6086;800
6087;800
6088;800
6089;800
6090;480
6091;320
6092;240
6093;240
6094;160
6095;0.0
6096;0.0
6097;0.0
6098;0.0
6099;0.0
6100;0.0
6101;0.0
6102;0.0
6103;0.0
6104;0.0
6105;0.0
6106;320
6107;800
6108;800
6109;800
6110;800
6111;800
6112;800
6113;800
6114;720
6115;320
6116;240
6117;240
6118;240
6119;80
6120;0.0
6121;0.0
6122;0.0
6123;0.0
6124;0.0
6125;0.0
6126;0.0
6127;0.0
6128;0.0
6129;0.0
6130;320
6131;720
6132;800
6133;800
6134;800
6135;720
6136;800
6137;800
6138;720
6139;320
6140;240
6141;240
6142;240
6143;80
6144;0.0
6145;0.0
6146;0.0
6147;0.0
6148;0.0
6149;0.0
6150;0.0
6151;0.0
6152;0.0
6153;0.0
6154;320
6155;800
6156;800
6157;800
6158;720
6159;800
6160;640
6161;720
6162;400
6163;160
6164;0.0
6165;0.0
6166;0.0
6167;0.0
6168;0.0
6169;0.0
6170;0.0
6171;0.0
6172;0.0
6173;0.0
6174;0.0
6175;0.0
6176;0.0
6177;0.0
6178;0.0
6179;0.0
6180;0.0
6181;0.0
6182;320
6183;480
6184;480
6185;320
6186;160
6187;0.0
6188;0.0
6189;0.0
6190;0.0
6191;0.0
6192;0.0
6193;0.0
6194;0.0
6195;0.0
6196;0.0
6197;0.0
6198;0.0
6199;0.0
6200;0.0
6201;0.0
6202;240
6203;480
6204;480
6205;560
6206;560
6207;640
6208;800
6209;720
6210;400
6211;160
6212;0.0
6213;0.0
6214;0.0
6215;0.0
6216;0.0
6217;0.0
6218;0.0
6219;0.0
6220;0.0
6221;0.0
6222;0.0
6223;0.0
6224;0.0
6225;0.0
6226;0.0
6227;240
6228;320
6229;640
6230;400
6231;320
6232;320
6233;320
6234;240
6235;0.0
6236;0.0
6237;0.0
6238;0.0
6239;0.0
6240;0.0
6241;0.0
6242;0.0
6243;0.0
6244;0.0
6245;0.0
6246;0.0
6247;0.0
6248;0.0
6249;0.0
6250;0.0
6251;160
6252;0.0
6253;0.0
6254;80
6255;0.0
6256;0.0
6257;0.0
6258;0.0
6259;0.0
6260;0.0
6261;0.0
6262;0.0
6263;0.0
6264;0.0
6265;0.0
6266;0.0
6267;0.0
6268;0.0
6269;0.0
6270;0.0
6271;0.0
6272;0.0
6273;0.0
6274;0.0
6275;0.0
6276;560
6277;800
6278;800
6279;800
6280;400
6281;800
6282;240
6283;0.0
6284;0.0
6285;0.0
6286;0.0
6287;0.0
6288;0.0
6289;0.0
6290;0.0
6291;0.0
6292;0.0
6293;0.0
6294;0.0
6295;0.0
6296;0.0
6297;0.0
6298;240
6299;320
6300;800
6301;800
6302;800
6303;800
6304;800
6305;800
6306;720
6307;160
6308;0.0
6309;0.0
6310;0.0
6311;0.0
6312;0.0
6313;0.0
6314;0.0
6315;0.0
6316;0.0
6317;0.0
6318;0.0
6319;0.0
6320;0.0
6321;0.0
6322;240
6323;800
6324;800
6325;800
6326;800
6327;800
6328;800
6329;800
6330;800
6331;160
6332;0.0
6333;0.0
6334;0.0
6335;0.0
6336;0.0
6337;0.0
6338;0.0
6339;0.0
6340;0.0
6341;0.0
6342;0.0
6343;0.0
6344;0.0
6345;0.0
6346;240
6347;800
6348;800
6349;800
6350;800
6351;800
6352;800
6353;800
6354;480
6355;160
6356;0.0
6357;0.0
6358;0.0
6359;0.0
6360;0.0
6361;0.0
6362;0.0
6363;0.0
6364;0.0
6365;0.0
6366;0.0
6367;0.0
6368;0.0
6369;0.0
6370;160
6371;720
6372;800
6373;800
6374;800
6375;800
6376;800
6377;800
6378;480
6379;320
6380;240
6381;240
6382;80
6383;0.0
6384;0.0
6385;0.0
6386;0.0
6387;0.0
6388;0.0
6389;0.0
6390;0.0
6391;0.0
6392;0.0
6393;0.0
6394;240
6395;720
6396;800
6397;800
6398;800
6399;800
6400;800
6401;800
6402;640
6403;320
6404;240
6405;240
6406;160
6407;0.0
6408;0.0
6409;0.0
6410;0.0
6411;0.0
6412;0.0
6413;0.0
6414;0.0
6415;0.0
6416;0.0
6417;0.0
6418;160
6419;240
6420;480
6421;480
6422;640
6423;400
6424;160
6425;80
6426;0.0
6427;0.0
6428;0.0
6429;0.0
6430;0.0
6431;0.0
6432;0.0
6433;0.0
6434;0.0
6435;0.0
6436;0.0
6437;0.0
6438;0.0
6439;0.0
6440;0.0
6441;0.0
6442;0.0
6443;0.0
6444;0.0
6445;0.0
6446;0.0
6447;0.0
6448;0.0
6449;0.0
6450;0.0
6451;0.0
6452;0.0
6453;0.0
6454;0.0
6455;0.0
6456;0.0
6457;0.0
6458;0.0
6459;0.0
6460;0.0
6461;0.0
6462;0.0
6463;0.0
6464;0.0
6465;0.0
6466;0.0
6467;0.0
6468;80
6469;80
6470;560
6471;640
6472;560
6473;80
6474;80
6475;0.0
6476;0.0
6477;0.0
6478;0.0
6479;0.0
6480;0.0
6481;0.0
6482;0.0
6483;0.0
6484;0.0
6485;0.0
6486;0.0
6487;0.0
6488;0.0
6489;0.0
6490;160
6491;640
6492;480
6493;560
6494;560
6495;800
6496;560
6497;480
6498;400
6499;0.0
6500;0.0
6501;0.0
6502;0.0
6503;0.0
6504;0.0
6505;0.0
6506;0.0
6507;0.0
6508;0.0
6509;0.0
6510;0.0
6511;0.0
6512;0.0
6513;0.0
6514;320
6515;720
6516;800
6517;800
6518;800
6519;800
6520;720
6521;640
6522;400
6523;80
6524;0.0
6525;0.0
6526;0.0
6527;0.0
6528;0.0
6529;0.0
6530;0.0
6531;0.0
6532;0.0
6533;0.0
6534;0.0
6535;0.0
6536;0.0
6537;0.0
6538;80
6539;240
6540;800
6541;800
6542;800
6543;720
6544;800
6545;800
6546;320
6547;80
6548;0.0
6549;0.0
6550;0.0
6551;0.0
6552;0.0
6553;0.0
6554;0.0
6555;0.0
6556;0.0
6557;0.0
6558;0.0
6559;0.0
6560;0.0
6561;0.0
6562;80
6563;560
6564;640
6565;480
6566;480
6567;320
6568;0.0
6569;0.0
6570;0.0
6571;0.0
6572;0.0
6573;0.0
6574;0.0
6575;0.0
6576;0.0
6577;0.0
6578;0.0
6579;0.0
6580;0.0
6581;0.0
6582;0.0
6583;0.0
6584;0.0
6585;0.0
6586;160
6587;240
6588;240
6589;560
6590;160
6591;160
6592;320
6593;320
6594;80
6595;0.0
6596;0.0
6597;0.0
6598;0.0
6599;0.0
6600;0.0
6601;0.0
6602;0.0
6603;0.0
6604;0.0
6605;0.0
6606;0.0
6607;0.0
6608;0.0
6609;0.0
6610;0.0
6611;0.0
6612;0.0
6613;80
6614;0.0
6615;0.0
6616;0.0
6617;0.0
6618;0.0
6619;0.0
6620;0.0
6621;0.0
6622;0.0
6623;0.0
6624;0.0
6625;0.0
6626;0.0
6627;0.0
6628;0.0
6629;0.0
6630;0.0
6631;0.0
6632;0.0
6633;0.0
6634;0.0
6635;0.0
6636;240
6637;800
6638;320
6639;320
6640;560
6641;160
6642;160
6643;0.0
6644;0.0
6645;0.0
6646;0.0
6647;0.0
6648;0.0
6649;0.0
6650;0.0
6651;0.0
6652;0.0
6653;0.0
6654;0.0
6655;0.0
6656;0.0
6657;0.0
6658;160
6659;560
6660;480
6661;400
6662;480
6663;320
6664;240
6665;800
6666;560
6667;0.0
6668;0.0
6669;0.0
6670;0.0
6671;0.0
6672;0.0
6673;0.0
6674;0.0
6675;0.0
6676;0.0
6677;0.0
6678;0.0
6679;0.0
6680;0.0
6681;0.0
6682;0.0
6683;80
6684;400
6685;480
6686;240
6687;800
6688;400
6689;400
6690;240
6691;0.0
6692;0.0
6693;0.0
6694;0.0
6695;0.0
6696;0.0
6697;0.0
6698;0.0
6699;0.0
6700;0.0
6701;0.0
6702;0.0
6703;0.0
6704;0.0
6705;0.0
6706;0.0
6707;80
6708;240
6709;640
6710;560
6711;800
6712;240
6713;320
6714;80
6715;0.0
6716;0.0
6717;0.0
6718;0.0
6719;0.0
6720;0.0
6721;0.0
6722;0.0
6723;0.0
6724;0.0
6725;0.0
6726;0.0
6727;0.0
6728;0.0
6729;0.0
6730;80
6731;640
6732;800
6733;800
6734;800
6735;800
6736;800
6737;800
6738;480
6739;0.0
6740;0.0
6741;0.0
6742;0.0
6743;0.0
6744;0.0
6745;0.0
6746;0.0
6747;0.0
6748;0.0
6749;0.0
6750;0.0
6751;0.0
6752;0.0
6753;0.0
6754;160
6755;720
6756;800
6757;800
6758;800
6759;800
6760;800
6761;800
6762;400
6763;0.0
6764;0.0
6765;0.0
6766;0.0
6767;0.0
6768;0.0
6769;0.0
6770;0.0
6771;0.0
6772;0.0
6773;0.0
6774;0.0
6775;0.0
6776;0.0
6777;0.0
6778;160
6779;720
6780;800
6781;800
6782;800
6783;800
6784;560
6785;320
6786;80
6787;0.0
6788;0.0
6789;0.0
6790;0.0
6791;0.0
6792;0.0
6793;0.0
6794;0.0
6795;0.0
6796;0.0
6797;0.0
6798;0.0
6799;0.0
6800;0.0
6801;0.0
6802;160
6803;720
6804;800
6805;800
6806;800
6807;800
6808;720
6809;560
6810;240
6811;0.0
6812;0.0
6813;0.0
6814;0.0
6815;0.0
6816;0.0
6817;0.0
6818;0.0
6819;0.0
6820;0.0
6821;0.0
6822;0.0
6823;0.0
6824;0.0
6825;0.0
6826;160
6827;320
6828;800
6829;800
6830;800
6831;800
6832;800
6833;800
6834;320
6835;0.0
6836;0.0
6837;0.0
6838;0.0
6839;0.0
6840;0.0
6841;0.0
6842;0.0
6843;0.0
6844;0.0
6845;0.0
6846;0.0
6847;0.0
6848;0.0
6849;0.0
6850;80
6851;160
6852;80
6853;80
6854;320
6855;240
6856;640
6857;320
6858;160
6859;0.0
6860;0.0
6861;0.0
6862;0.0
6863;0.0
6864;0.0
6865;0.0
6866;0.0
6867;0.0
6868;0.0
6869;0.0
6870;0.0
6871;0.0
6872;0.0
6873;0.0
6874;0.0
6875;80
6876;160
6877;400
6878;640
6879;800
6880;800
6881;160
6882;0.0
6883;0.0
6884;0.0
6885;0.0
6886;0.0
6887;0.0
6888;0.0
6889;0.0
6890;0.0
6891;0.0
6892;0.0
6893;0.0
6894;0.0
6895;0.0
6896;0.0
6897;0.0
6898;0.0
6899;80
6900;480
6901;800
6902;800
6903;800
6904;800
6905;640
6906;240
6907;0.0
6908;0.0
6909;0.0
6910;0.0
6911;0.0
6912;0.0
6913;0.0
6914;0.0
6915;0.0
6916;0.0
6917;0.0
6918;0.0
6919;0.0
6920;0.0
6921;0.0
6922;0.0
6923;560
6924;800
6925;800
6926;800
6927;800
6928;800
6929;720
6930;240
6931;0.0
6932;0.0
6933;0.0
6934;0.0
6935;0.0
6936;0.0
6937;0.0
6938;0.0
6939;0.0
6940;0.0
6941;0.0
6942;0.0
6943;0.0
6944;0.0
6945;0.0
6946;0.0
6947;80
6948;800
6949;800
6950;800
6951;800
6952;800
6953;800
6954;240
6955;0.0
6956;0.0
6957;0.0
6958;0.0
6959;0.0
6960;0.0
6961;0.0
6962;0.0
6963;0.0
6964;0.0
6965;0.0
6966;0.0
6967;0.0
6968;0.0
6969;0.0
6970;0.0
6971;720
6972;800
6973;800
6974;800
6975;800
6976;560
6977;320
6978;80
6979;0.0
6980;0.0
6981;0.0
6982;0.0
6983;0.0
6984;0.0
6985;0.0
6986;0.0
6987;0.0
6988;0.0
6989;0.0
6990;0.0
6991;0.0
6992;0.0
6993;0.0
6994;80
6995;320
6996;800
6997;800
6998;800
6999;800
7000;800
7001;480
7002;80
7003;0.0
7004;0.0
7005;0.0
7006;0.0
7007;0.0
7008;0.0
7009;0.0
7010;0.0
7011;0.0
7012;0.0
7013;0.0
7014;0.0
7015;0.0
7016;0.0
7017;0.0
7018;0.0
7019;160
7020;800
7021;800
7022;800
7023;800
7024;400
7025;160
7026;0.0
7027;0.0
7028;0.0
7029;0.0
7030;0.0
7031;0.0
7032;0.0
7033;0.0
7034;0.0
7035;0.0
7036;0.0
7037;0.0
7038;0.0
7039;0.0
7040;0.0
7041;0.0
7042;0.0
7043;80
7044;720
7045;240
7046;400
7047;160
7048;720
7049;240
7050;80
7051;0.0
7052;0.0
7053;0.0
7054;0.0
7055;0.0
7056;0.0
7057;0.0
7058;0.0
7059;0.0
7060;0.0
7061;0.0
7062;0.0
7063;0.0
7064;0.0
7065;0.0
7066;0.0
7067;640
7068;800
7069;800
7070;800
7071;800
7072;800
7073;640
7074;240
7075;0.0
7076;0.0
7077;0.0
7078;0.0
7079;0.0
7080;0.0
7081;0.0
7082;0.0
7083;0.0
7084;0.0
7085;0.0
7086;0.0
7087;0.0
7088;0.0
7089;0.0
7090;0.0
7091;0.0
7092;240
7093;240
7094;80
7095;0.0
7096;0.0
7097;0.0
7098;0.0
7099;0.0
7100;0.0
7101;0.0
7102;0.0
7103;0.0
7104;0.0
7105;0.0
7106;0.0
7107;0.0
7108;0.0
7109;0.0
7110;0.0
7111;0.0
7112;0.0
7113;0.0
7114;0.0
7115;320
7116;480
7117;800
7118;320
7119;800
7120;800
7121;560
7122;80
7123;0.0
7124;0.0
7125;0.0
7126;0.0
7127;0.0
7128;0.0
7129;0.0
7130;0.0
7131;0.0
7132;0.0
7133;0.0
7134;0.0
7135;0.0
7136;0.0
7137;0.0
7138;0.0
7139;0.0
7140;240
7141;160
7142;400
7143;480
7144;720
7145;160
7146;80
7147;0.0
7148;0.0
7149;0.0
7150;0.0
7151;0.0
7152;0.0
7153;0.0
7154;0.0
7155;0.0
7156;0.0
7157;0.0
7158;0.0
7159;0.0
7160;0.0
7161;0.0
7162;0.0
7163;560
7164;800
7165;800
7166;800
7167;800
7168;800
7169;800
7170;240
7171;0.0
7172;0.0
7173;0.0
7174;0.0
7175;0.0
7176;0.0
7177;0.0
7178;0.0
7179;0.0
7180;0.0
7181;0.0
7182;0.0
7183;0.0
7184;0.0
7185;0.0
7186;0.0
7187;160
7188;240
7189;320
7190;480
7191;800
7192;400
7193;240
7194;0.0
7195;0.0
7196;0.0
7197;0.0
7198;0.0
7199;0.0
7200;0.0
7201;0.0
7202;0.0
7203;0.0
7204;0.0
7205;0.0
7206;0.0
7207;0.0
7208;0.0
7209;0.0
7210;0.0
7211;160
7212;640
7213;640
7214;400
7215;240
7216;240
7217;80
7218;0.0
7219;0.0
7220;0.0
7221;0.0
7222;0.0
7223;0.0
7224;0.0
7225;0.0
7226;0.0
7227;0.0
7228;0.0
7229;0.0
7230;0.0
7231;0.0
7232;0.0
7233;0.0
7234;0.0
7235;0.0
7236;0.0
7237;0.0
7238;80
7239;80
7240;0.0
7241;0.0
7242;0.0
7243;0.0
7244;0.0
7245;0.0
7246;0.0
7247;0.0
7248;0.0
7249;0.0
7250;0.0
7251;0.0
7252;0.0
7253;0.0
7254;0.0
7255;0.0
7256;0.0
7257;0.0
7258;0.0
7259;320
7260;560
7261;800
7262;400
7263;800
7264;800
7265;640
7266;80
7267;0.0
7268;0.0
7269;0.0
7270;0.0
7271;0.0
7272;0.0
7273;0.0
7274;0.0
7275;0.0
7276;0.0
7277;0.0
7278;0.0
7279;0.0
7280;0.0
7281;0.0
7282;0.0
7283;160
7284;400
7285;400
7286;560
7287;400
7288;160
7289;0.0
7290;0.0
7291;0.0
7292;0.0
7293;0.0
7294;0.0
7295;0.0
7296;0.0
7297;0.0
7298;0.0
7299;0.0
7300;0.0
7301;0.0
7302;0.0
7303;0.0
7304;0.0
7305;0.0
7306;0.0
7307;80
7308;480
7309;320
7310;800
7311;80
7312;0.0
7313;400
7314;0.0
7315;0.0
7316;0.0
7317;0.0
7318;0.0
7319;0.0
7320;0.0
7321;0.0
7322;0.0
7323;0.0
7324;0.0
7325;0.0
7326;0.0
7327;0.0
7328;0.0
7329;0.0
7330;0.0
7331;240
7332;800
7333;560
7334;80
7335;80
7336;80
7337;0.0
7338;0.0
7339;0.0
7340;0.0
7341;0.0
7342;0.0
7343;0.0
7344;0.0
7345;0.0
7346;0.0
7347;0.0
7348;0.0
7349;0.0
7350;0.0
7351;0.0
7352;0.0
7353;0.0
7354;0.0
7355;0.0
7356;0.0
7357;80
7358;480
7359;640
7360;400
7361;0.0
7362;0.0
7363;0.0
7364;0.0
7365;0.0
7366;0.0
7367;0.0
7368;0.0
7369;0.0
7370;0.0
7371;0.0
7372;0.0
7373;0.0
7374;0.0
7375;0.0
7376;0.0
7377;0.0
7378;0.0
7379;0.0
7380;0.0
7381;0.0
7382;0.0
7383;0.0
7384;0.0
7385;0.0
7386;0.0
7387;0.0
7388;0.0
7389;0.0
7390;0.0
7391;0.0
7392;0.0
7393;0.0
7394;0.0
7395;0.0
7396;0.0
7397;0.0
7398;0.0
7399;0.0
7400;0.0
7401;0.0
7402;0.0
7403;0.0
7404;0.0
7405;0.0
7406;80
7407;320
7408;240
7409;0.0
7410;0.0
7411;0.0
7412;0.0
7413;0.0
7414;0.0
7415;0.0
7416;0.0
7417;0.0
7418;0.0
7419;0.0
7420;0.0
7421;0.0
7422;0.0
7423;0.0
7424;0.0
7425;0.0
7426;0.0
7427;0.0
7428;0.0
7429;80
7430;240
7431;240
7432;80
7433;80
7434;0.0
7435;0.0
7436;0.0
7437;0.0
7438;0.0
7439;0.0
7440;0.0
7441;0.0
7442;0.0
7443;0.0
7444;0.0
7445;0.0
7446;0.0
7447;0.0
7448;0.0
7449;0.0
7450;0.0
7451;400
7452;560
7453;720
7454;800
7455;800
7456;720
7457;160
7458;0.0
7459;0.0
7460;0.0
7461;0.0
7462;0.0
7463;0.0
7464;0.0
7465;0.0
7466;0.0
7467;0.0
7468;0.0
7469;0.0
7470;0.0
7471;0.0
7472;0.0
7473;0.0
7474;0.0
7475;400
7476;640
7477;800
7478;80
7479;80
7480;0.0
7481;0.0
7482;0.0
7483;0.0
7484;0.0
7485;0.0
7486;0.0
7487;0.0
7488;0.0
7489;0.0
7490;0.0
7491;0.0
7492;0.0
7493;0.0
7494;0.0
7495;0.0
7496;0.0
7497;0.0
7498;0.0
7499;0.0
7500;0.0
7501;80
7502;0.0
7503;0.0
7504;0.0
7505;0.0
7506;0.0
7507;0.0
7508;0.0
7509;0.0
7510;0.0
7511;0.0
7512;0.0
7513;0.0
7514;0.0
7515;0.0
7516;0.0
7517;0.0
7518;0.0
7519;0.0
7520;0.0
7521;0.0
7522;0.0
7523;320
7524;400
7525;640
7526;480
7527;720
7528;560
7529;240
7530;0.0
7531;0.0
7532;0.0
7533;0.0
7534;0.0
7535;0.0
7536;0.0
7537;0.0
7538;0.0
7539;0.0
7540;0.0
7541;0.0
7542;0.0
7543;0.0
7544;0.0
7545;0.0
7546;0.0
7547;0.0
7548;0.0
7549;0.0
7550;0.0
7551;0.0
7552;0.0
7553;0.0
7554;0.0
7555;0.0
7556;0.0
7557;0.0
7558;0.0
7559;0.0
7560;0.0
7561;0.0
7562;0.0
7563;0.0
7564;0.0
7565;0.0
7566;0.0
7567;0.0
7568;0.0
7569;0.0
7570;0.0
7571;0.0
7572;0.0
7573;0.0
7574;0.0
7575;0.0
7576;0.0
7577;0.0
7578;0.0
7579;0.0
7580;0.0
7581;0.0
7582;0.0
7583;0.0
7584;0.0
7585;0.0
7586;0.0
7587;0.0
7588;0.0
7589;0.0
7590;0.0
7591;0.0
7592;0.0
7593;0.0
7594;0.0
7595;0.0
7596;0.0
7597;0.0
7598;80
7599;80
7600;0.0
7601;0.0
7602;0.0
7603;0.0
7604;0.0
7605;0.0
7606;0.0
7607;0.0
7608;0.0
7609;0.0
7610;0.0
7611;0.0
7612;0.0
7613;0.0
7614;0.0
7615;0.0
7616;0.0
7617;0.0
7618;0.0
7619;0.0
7620;0.0
7621;0.0
7622;0.0
7623;0.0
7624;0.0
7625;0.0
7626;0.0
7627;0.0
7628;0.0
7629;0.0
7630;0.0
7631;0.0
7632;0.0
7633;0.0
7634;0.0
7635;0.0
7636;0.0
7637;0.0
7638;0.0
7639;0.0
7640;0.0
7641;0.0
7642;0.0
7643;320
7644;560
7645;800
7646;800
7647;800
7648;720
7649;240
7650;0.0
7651;0.0
7652;0.0
7653;0.0
7654;0.0
7655;0.0
7656;0.0
7657;0.0
7658;0.0
7659;0.0
7660;0.0
7661;0.0
7662;0.0
7663;0.0
7664;0.0
7665;0.0
7666;0.0
7667;320
7668;800
7669;800
7670;800
7671;800
7672;720
7673;240
7674;0.0
7675;0.0
7676;0.0
7677;0.0
7678;0.0
7679;0.0
7680;0.0
7681;0.0
7682;0.0
7683;0.0
7684;0.0
7685;0.0
7686;0.0
7687;0.0
7688;0.0
7689;0.0
7690;0.0
7691;0.0
7692;0.0
7693;0.0
7694;0.0
7695;0.0
7696;0.0
7697;0.0
7698;0.0
7699;0.0
7700;0.0
7701;0.0
7702;0.0
7703;0.0
7704;0.0
7705;0.0
7706;0.0
7707;0.0
7708;0.0
7709;0.0
7710;0.0
7711;0.0
7712;0.0
7713;0.0
7714;0.0
7715;0.0
7716;480
7717;800
7718;800
7719;800
7720;640
7721;160
7722;0.0
7723;0.0
7724;0.0
7725;0.0
7726;0.0
7727;0.0
7728;0.0
7729;0.0
7730;0.0
7731;0.0
7732;0.0
7733;0.0
7734;0.0
7735;0.0
7736;0.0
7737;0.0
7738;0.0
7739;80
7740;160
7741;320
7742;80
7743;0.0
7744;0.0
7745;0.0
7746;0.0
7747;0.0
7748;0.0
7749;0.0
7750;0.0
7751;0.0
7752;0.0
7753;0.0
7754;0.0
7755;0.0
7756;0.0
7757;0.0
7758;0.0
7759;0.0
7760;0.0
7761;0.0
7762;0.0
7763;160
7764;400
7765;640
7766;480
7767;480
7768;560
7769;0.0
7770;0.0
7771;0.0
7772;0.0
7773;0.0
7774;0.0
7775;0.0
7776;0.0
7777;0.0
7778;0.0
7779;0.0
7780;0.0
7781;0.0
7782;0.0
7783;0.0
7784;0.0
7785;0.0
7786;0.0
7787;0.0
7788;160
7789;160
7790;80
7791;0.0
7792;0.0
7793;0.0
7794;0.0
7795;0.0
7796;0.0
7797;0.0
7798;0.0
7799;0.0
7800;0.0
7801;0.0
7802;0.0
7803;0.0
7804;0.0
7805;0.0
7806;0.0
7807;0.0
7808;0.0
7809;0.0
7810;0.0
7811;0.0
7812;0.0
7813;0.0
7814;160
7815;80
7816;0.0
7817;0.0
7818;0.0
7819;0.0
7820;0.0
7821;0.0
7822;0.0
7823;0.0
7824;0.0
7825;0.0
7826;0.0
7827;0.0
7828;0.0
7829;0.0
7830;0.0
7831;0.0
7832;0.0
7833;0.0
7834;0.0
7835;0.0
7836;0.0
7837;0.0
7838;0.0
7839;0.0
7840;0.0
7841;0.0
7842;0.0
7843;0.0
7844;0.0
7845;0.0
7846;0.0
7847;0.0
7848;0.0
7849;0.0
7850;0.0
7851;0.0
7852;0.0
7853;0.0
7854;0.0
7855;0.0
7856;0.0
7857;0.0
7858;0.0
7859;0.0
7860;160
7861;160
7862;160
7863;480
7864;0.0
7865;0.0
7866;0.0
7867;0.0
7868;0.0
7869;0.0
7870;0.0
7871;0.0
7872;0.0
7873;0.0
7874;0.0
7875;0.0
7876;0.0
7877;0.0
7878;0.0
7879;0.0
7880;0.0
7881;0.0
7882;0.0
7883;0.0
7884;0.0
7885;80
7886;80
7887;240
7888;160
7889;0.0
7890;0.0
7891;0.0
7892;0.0
7893;0.0
7894;0.0
7895;0.0
7896;0.0
7897;0.0
7898;0.0
7899;0.0
7900;0.0
7901;0.0
7902;0.0
7903;0.0
7904;0.0
7905;0.0
7906;0.0
7907;0.0
7908;80
7909;160
7910;560
7911;640
7912;400
7913;0.0
7914;0.0
7915;0.0
7916;0.0
7917;0.0
7918;0.0
7919;0.0
7920;0.0
7921;0.0
7922;0.0
7923;0.0
7924;0.0
7925;0.0
7926;0.0
7927;0.0
7928;0.0
7929;0.0
7930;0.0
7931;0.0
7932;480
7933;640
7934;720
7935;560
7936;400
7937;0.0
7938;0.0
7939;0.0
7940;0.0
7941;0.0
7942;0.0
7943;0.0
7944;0.0
7945;0.0
7946;0.0
7947;0.0
7948;0.0
7949;0.0
7950;0.0
7951;0.0
7952;0.0
7953;0.0
7954;0.0
7955;0.0
7956;320
7957;320
7958;240
7959;240
7960;240
7961;0.0
7962;0.0
7963;0.0
7964;0.0
7965;0.0
7966;0.0
7967;0.0
7968;0.0
7969;0.0
7970;0.0
7971;0.0
7972;0.0
7973;0.0
7974;0.0
7975;0.0
7976;0.0
7977;0.0
7978;0.0
7979;0.0
7980;0.0
7981;0.0
7982;0.0
7983;0.0
7984;0.0
7985;0.0
7986;0.0
7987;0.0
7988;0.0
7989;0.0
7990;0.0
7991;0.0
7992;0.0
7993;0.0
7994;0.0
7995;0.0
7996;0.0
7997;0.0
7998;0.0
7999;0.0
8000;0.0
8001;0.0
8002;0.0
8003;0.0
8004;0.0
8005;0.0
8006;0.0
8007;0.0
8008;0.0
8009;0.0
8010;0.0
8011;0.0
8012;0.0
8013;0.0
8014;0.0
8015;0.0
8016;0.0
8017;0.0
8018;0.0
8019;0.0
8020;0.0
8021;0.0
8022;0.0
8023;0.0
8024;0.0
8025;0.0
8026;0.0
8027;0.0
8028;400
8029;640
8030;720
8031;640
8032;560
8033;0.0
8034;0.0
8035;0.0
8036;0.0
8037;0.0
8038;0.0
8039;0.0
8040;0.0
8041;0.0
8042;0.0
8043;0.0
8044;0.0
8045;0.0
8046;0.0
8047;0.0
8048;0.0
8049;0.0
8050;0.0
8051;0.0
8052;400
8053;720
8054;720
8055;480
8056;320
8057;0.0
8058;0.0
8059;0.0
8060;0.0
8061;0.0
8062;0.0
8063;0.0
8064;0.0
8065;0.0
8066;0.0
8067;0.0
8068;0.0
8069;0.0
8070;0.0
8071;0.0
8072;0.0
8073;0.0
8074;0.0
8075;0.0
8076;160
8077;640
8078;720
8079;640
8080;480
8081;0.0
8082;0.0
8083;0.0
8084;0.0
8085;0.0
8086;0.0
8087;0.0
8088;0.0
8089;0.0
8090;0.0
8091;0.0
8092;0.0
8093;0.0
8094;0.0
8095;0.0
8096;0.0
8097;0.0
8098;0.0
8099;0.0
8100;400
8101;560
8102;240
8103;0.0
8104;0.0
8105;0.0
8106;0.0
8107;0.0
8108;0.0
8109;0.0
8110;0.0
8111;0.0
8112;0.0
8113;0.0
8114;0.0
8115;0.0
8116;0.0
8117;0.0
8118;0.0
8119;0.0
8120;0.0
8121;0.0
8122;0.0
8123;0.0
8124;0.0
8125;80
8126;80
8127;400
8128;480
8129;0.0
8130;0.0
8131;0.0
8132;0.0
8133;0.0
8134;0.0
8135;0.0
8136;0.0
8137;0.0
8138;0.0
8139;0.0
8140;0.0
8141;0.0
8142;0.0
8143;0.0
8144;0.0
8145;0.0
8146;0.0
8147;0.0
8148;0.0
8149;0.0
8150;0.0
8151;0.0
8152;0.0
8153;0.0
8154;0.0
8155;0.0
8156;0.0
8157;0.0
8158;0.0
8159;0.0
8160;0.0
8161;0.0
8162;0.0
8163;0.0
8164;0.0
8165;0.0
8166;0.0
8167;0.0
8168;0.0
8169;0.0
8170;0.0
8171;0.0
8172;400
8173;640
8174;640
8175;480
8176;400
8177;0.0
8178;0.0
8179;0.0
8180;0.0
8181;0.0
8182;0.0
8183;0.0
8184;0.0
8185;0.0
8186;0.0
8187;0.0
8188;0.0
8189;0.0
8190;0.0
8191;0.0
8192;0.0
8193;0.0
8194;0.0
8195;0.0
8196;80
8197;160
8198;320
8199;80
8200;0.0
8201;0.0
8202;0.0
8203;0.0
8204;0.0
8205;0.0
8206;0.0
8207;0.0
8208;0.0
8209;0.0
8210;0.0
8211;0.0
8212;0.0
8213;0.0
8214;0.0
8215;0.0
8216;0.0
8217;0.0
8218;0.0
8219;0.0
8220;0.0
8221;0.0
8222;0.0
8223;0.0
8224;0.0
8225;0.0
8226;0.0
8227;0.0
8228;0.0
8229;0.0
8230;0.0
8231;0.0
8232;0.0
8233;0.0
8234;0.0
8235;0.0
8236;0.0
8237;0.0
8238;0.0
8239;0.0
8240;0.0
8241;0.0
8242;0.0
8243;0.0
8244;0.0
8245;0.0
8246;560
8247;0.0
8248;0.0
8249;0.0
8250;0.0
8251;0.0
8252;0.0
8253;0.0
8254;0.0
8255;0.0
8256;0.0
8257;0.0
8258;0.0
8259;0.0
8260;0.0
8261;0.0
8262;0.0
8263;0.0
8264;0.0
8265;0.0
8266;0.0
8267;0.0
8268;0.0
8269;160
8270;0.0
8271;0.0
8272;0.0
8273;0.0
8274;0.0
8275;0.0
8276;0.0
8277;0.0
8278;0.0
8279;0.0
8280;0.0
8281;0.0
8282;0.0
8283;0.0
8284;0.0
8285;0.0
8286;0.0
8287;0.0
8288;0.0
8289;0.0
8290;0.0
8291;0.0
8292;0.0
8293;0.0
8294;0.0
8295;80
8296;0.0
8297;0.0
8298;0.0
8299;0.0
8300;0.0
8301;0.0
8302;0.0
8303;0.0
8304;0.0
8305;0.0
8306;0.0
8307;0.0
8308;0.0
8309;0.0
8310;0.0
8311;0.0
8312;0.0
8313;0.0
8314;0.0
8315;0.0
8316;0.0
8317;240
8318;0.0
8319;160
8320;0.0
8321;0.0
8322;0.0
8323;0.0
8324;0.0
8325;0.0
8326;0.0
8327;0.0
8328;0.0
8329;0.0
8330;0.0
8331;0.0
8332;0.0
8333;0.0
8334;0.0
8335;0.0
8336;0.0
8337;0.0
8338;0.0
8339;0.0
8340;320
8341;640
8342;720
8343;720
8344;560
8345;0.0
8346;0.0
8347;0.0
8348;0.0
8349;0.0
8350;0.0
8351;0.0
8352;0.0
8353;0.0
8354;0.0
8355;0.0
8356;0.0
8357;0.0
8358;0.0
8359;0.0
8360;0.0
8361;0.0
8362;0.0
8363;0.0
8364;320
8365;640
8366;720
8367;720
8368;560
8369;0.0
8370;0.0
8371;0.0
8372;0.0
8373;0.0
8374;0.0
8375;0.0
8376;0.0
8377;0.0
8378;0.0
8379;0.0
8380;0.0
8381;0.0
8382;0.0
8383;0.0
8384;0.0
8385;0.0
8386;0.0
8387;0.0
8388;240
8389;0.0
8390;560
8391;480
8392;0.0
8393;0.0
8394;0.0
8395;0.0
8396;0.0
8397;0.0
8398;0.0
8399;0.0
8400;0.0
8401;0.0
8402;0.0
8403;0.0
8404;0.0
8405;0.0
8406;0.0
8407;0.0
8408;0.0
8409;0.0
8410;0.0
8411;0.0
8412;0.0
8413;0.0
8414;0.0
8415;0.0
8416;0.0
8417;0.0
8418;0.0
8419;0.0
8420;0.0
8421;0.0
8422;0.0
8423;0.0
8424;0.0
8425;0.0
8426;0.0
8427;0.0
8428;0.0
8429;0.0
8430;0.0
8431;0.0
8432;0.0
8433;0.0
8434;0.0
8435;0.0
8436;0.0
8437;0.0
8438;0.0
8439;0.0
8440;0.0
8441;0.0
8442;0.0
8443;0.0
8444;0.0
8445;0.0
8446;0.0
8447;0.0
8448;0.0
8449;0.0
8450;0.0
8451;0.0
8452;0.0
8453;0.0
8454;0.0
8455;0.0
8456;0.0
8457;0.0
8458;0.0
8459;0.0
8460;0.0
8461;0.0
8462;0.0
8463;0.0
8464;0.0
8465;0.0
8466;0.0
8467;0.0
8468;0.0
8469;0.0
8470;0.0
8471;0.0
8472;0.0
8473;0.0
8474;0.0
8475;0.0
8476;0.0
8477;0.0
8478;0.0
8479;0.0
8480;0.0
8481;0.0
8482;0.0
8483;0.0
8484;0.0
8485;160
8486;560
8487;560
8488;400
8489;0.0
8490;0.0
8491;0.0
8492;0.0
8493;0.0
8494;0.0
8495;0.0
8496;0.0
8497;0.0
8498;0.0
8499;0.0
8500;0.0
8501;0.0
8502;0.0
8503;0.0
8504;0.0
8505;0.0
8506;0.0
8507;0.0
8508;0.0
8509;160
8510;640
8511;640
8512;480
8513;0.0
8514;0.0
8515;0.0
8516;0.0
8517;0.0
8518;0.0
8519;0.0
8520;0.0
8521;0.0
8522;0.0
8523;0.0
8524;0.0
8525;0.0
8526;0.0
8527;0.0
8528;0.0
8529;0.0
8530;0.0
8531;0.0
8532;80
8533;480
8534;560
8535;560
8536;400
8537;0.0
8538;0.0
8539;0.0
8540;0.0
8541;0.0
8542;0.0
8543;0.0
8544;0.0
8545;0.0
8546;0.0
8547;0.0
8548;0.0
8549;0.0
8550;0.0
8551;0.0
8552;0.0
8553;0.0
8554;0.0
8555;0.0
8556;80
8557;480
8558;560
8559;640
8560;480
8561;0.0
8562;0.0
8563;0.0
8564;0.0
8565;0.0
8566;0.0
8567;0.0
8568;0.0
8569;0.0
8570;0.0
8571;0.0
8572;0.0
8573;0.0
8574;0.0
8575;0.0
8576;0.0
8577;0.0
8578;0.0
8579;0.0
8580;0.0
8581;0.0
8582;0.0
8583;80
8584;0.0
8585;0.0
8586;0.0
8587;0.0
8588;0.0
8589;0.0
8590;0.0
8591;0.0
8592;0.0
8593;0.0
8594;0.0
8595;0.0
8596;0.0
8597;0.0
8598;0.0
8599;0.0
8600;0.0
8601;0.0
8602;0.0
8603;0.0
8604;0.0
8605;320
8606;160
8607;0.0
8608;0.0
8609;0.0
8610;0.0
8611;0.0
8612;0.0
8613;0.0
8614;0.0
8615;0.0
8616;0.0
8617;0.0
8618;0.0
8619;0.0
8620;0.0
8621;0.0
8622;0.0
8623;0.0
8624;0.0
8625;0.0
8626;0.0
8627;0.0
8628;0.0
8629;80
8630;80
8631;240
8632;160
8633;0.0
8634;0.0
8635;0.0
8636;0.0
8637;0.0
8638;0.0
8639;0.0
8640;0.0
8641;0.0
8642;0.0
8643;0.0
8644;0.0
8645;0.0
8646;0.0
8647;0.0
8648;0.0
8649;0.0
8650;0.0
8651;0.0
8652;0.0
8653;480
8654;640
8655;640
8656;560
8657;0.0
8658;0.0
8659;0.0
8660;0.0
8661;0.0
8662;0.0
8663;0.0
8664;0.0
8665;0.0
8666;0.0
8667;0.0
8668;0.0
8669;0.0
8670;0.0
8671;0.0
8672;0.0
8673;0.0
8674;0.0
8675;0.0
8676;80
8677;320
8678;480
8679;640
8680;400
8681;0.0
8682;0.0
8683;0.0
8684;0.0
8685;0.0
8686;0.0
8687;0.0
8688;0.0
8689;0.0
8690;0.0
8691;0.0
8692;0.0
8693;0.0
8694;0.0
8695;0.0
8696;0.0
8697;0.0
8698;0.0
8699;0.0
8700;240
8701;560
8702;560
8703;400
8704;400
8705;0.0
8706;0.0
8707;0.0
8708;0.0
8709;0.0
8710;0.0
8711;0.0
8712;0.0
8713;0.0
8714;0.0
8715;0.0
8716;0.0
8717;0.0
8718;0.0
8719;0.0
8720;0.0
8721;0.0
8722;0.0
8723;0.0
8724;80
8725;400
8726;240
8727;80
8728;0.0
8729;0.0
8730;0.0
8731;0.0
8732;0.0
8733;0.0
8734;0.0
8735;0.0
8736;0.0
8737;0.0
8738;0.0
8739;0.0
8740;0.0
8741;0.0
8742;0.0
8743;0.0
8744;0.0
8745;0.0
8746;0.0
8747;0.0
8748;240
8749;400
8750;240
8751;80
8752;80
8753;0.0
8754;0.0
8755;0.0
8756;0.0
8757;0.0
8758;0.0
8759;0.0
8760;0.0
